Municipality,Population,±% p.a.,Area,PD,Brgy.,Class,Province
Bangued,"43,936",1.76%,105.7,456,31,Municipality,Abra
Boliney,"4,063",−2.42%,216.92,16,8,Municipality,Abra
Bucay,"17,126",−0.01%,107.17,160,21,Municipality,Abra
Bucloc,"2,176",2.69%,63.77,39,4,Municipality,Abra
Daguioman,"1,715",3.82%,114.37,18,4,Municipality,Abra
Danglas,"4,734",−2.29%,156.02,27,7,Municipality,Abra
Dolores,"11,499",−0.31%,47.45,238,15,Municipality,Abra
La Paz,"14,882",0.70%,51.41,300,12,Municipality,Abra
Lacub,"2,977",2.58%,295.3,12,6,Municipality,Abra
Lagangilang,"13,824",0.59%,101.44,141,17,Municipality,Abra
Lagayan,"4,477",0.09%,215.97,21,5,Municipality,Abra
Langiden,"3,170",0.17%,116.29,28,6,Municipality,Abra
Licuan-Baay (Licuan),"4,864",−0.70%,256.42,18,11,Municipality,Abra
Luba,"6,391",−0.16%,148.27,43,8,Municipality,Abra
Malibcong,"3,807",−1.98%,283.17,12,12,Municipality,Abra
Manabo,"10,756",0.01%,110.95,97,11,Municipality,Abra
Peñarrubia,"6,544",0.28%,38.29,173,9,Municipality,Abra
Pidigan,"11,528",1.06%,49.15,248,15,Municipality,Abra
Pilar,"9,908",0.60%,66.1,155,19,Municipality,Abra
Sallapadan,"5,985",1.94%,128.62,51,9,Municipality,Abra
San Isidro,"4,888",−1.26%,48.07,95,9,Municipality,Abra
San Juan,"10,546",−1.26%,64.08,154,19,Municipality,Abra
San Quintin,"5,233",0.73%,66.59,82,6,Municipality,Abra
Tayum,"13,940",0.71%,61.14,237,11,Municipality,Abra
Tineg,"4,668",1.69%,744.8,7,10,Municipality,Abra
Tubo,"5,719",−0.07%,409.87,14,10,Municipality,Abra
Villaviciosa,"5,377",0.05%,102.93,52,8,Municipality,Abra
Buenavista,"56,139",1.79%,475.61,130,25,Municipality,Agusan del Norte
Butuan,"309,709",1.62%,816.62,413,86,HUC,Agusan del Norte
Cabadbaran,"69,241",1.18%,214.44,343,31,CC,Agusan del Norte
Carmen,"19,781",1.00%,311.02,67,8,Municipality,Agusan del Norte
Jabonga,"23,833",−0.52%,293,79,15,Municipality,Agusan del Norte
Kitcharao,"17,377",1.36%,171.92,109,11,Municipality,Agusan del Norte
Las Nieves,"26,856",1.08%,582.69,49,20,Municipality,Agusan del Norte
Magallanes,"21,481",−0.42%,44.31,474,8,Municipality,Agusan del Norte
Nasipit,"40,663",0.60%,144.4,291,19,Municipality,Agusan del Norte
Remedios T. Romualdez,"15,735",0.39%,79.15,203,8,Municipality,Agusan del Norte
Santiago,"20,955",2.78%,275.61,88,8,Municipality,Agusan del Norte
Tubay,"20,426",3.87%,138.09,181,13,Municipality,Agusan del Norte
Bayugan,"99,361",0.72%,688.77,150,43,CC,Agusan del Sur
Bunawan,"37,482",3.61%,512.16,88,10,Municipality,Agusan del Sur
Esperanza,"51,897",1.04%,"1,355.48",40,47,Municipality,Agusan del Sur
La Paz,"28,562",−0.23%,"1,481.12",19,15,Municipality,Agusan del Sur
Loreto,"39,474",1.42%,"1,462.74",29,17,Municipality,Agusan del Sur
Prosperidad,"76,628",1.45%,505.15,164,32,Municipality,Agusan del Sur
Rosario,"38,280",3.85%,385.05,121,11,Municipality,Agusan del Sur
San Francisco,"70,986",0.94%,392.53,190,27,Municipality,Agusan del Sur
San Luis,"32,733",−0.37%,950.5,34,25,Municipality,Agusan del Sur
Santa Josefa,"25,156",1.16%,341.8,78,11,Municipality,Agusan del Sur
Sibagat,"30,985",−0.34%,567.82,54,24,Municipality,Agusan del Sur
Talacogon,"37,224",0.58%,405.25,95,16,Municipality,Agusan del Sur
Trento,"47,193",1.70%,555.7,93,16,Municipality,Agusan del Sur
Veruela,"40,457",1.48%,385.45,113,20,Municipality,Agusan del Sur
Altavas,"23,919",0.55%,109.05,226,14,Municipality,Aklan
Balete,"27,197",1.18%,118.93,243,10,Municipality,Aklan
Banga,"38,063",0.71%,84.53,467,30,Municipality,Aklan
Batan,"30,312",1.06%,79.22,404,20,Municipality,Aklan
Buruanga,"16,962",2.19%,88.5,215,15,Municipality,Aklan
Ibajay,"45,279",1.74%,158.9,312,35,Municipality,Aklan
Kalibo,"74,619",1.48%,50.75,"1,588",16,Municipality,Aklan
Lezo,"14,518",0.91%,23.4,651,12,Municipality,Aklan
Libacao,"28,005",0.16%,254.98,111,24,Municipality,Aklan
Madalag,"18,168",0.23%,269.6,68,25,Municipality,Aklan
Makato,"25,461",1.31%,64.6,422,18,Municipality,Aklan
Malay,"45,811",2.80%,66.01,802,17,Municipality,Aklan
Malinao,"24,108",−0.73%,186.01,125,23,Municipality,Aklan
Nabas,"31,052",3.09%,96.82,376,20,Municipality,Aklan
New Washington,"42,112",1.27%,66.69,675,16,Municipality,Aklan
Numancia,"29,862",1.29%,28.84,"1,107",17,Municipality,Aklan
Tangalan,"20,277",1.49%,74.59,294,15,Municipality,Aklan
Bacacay,"65,724",0.90%,122.13,564,56,Municipality,Albay
Camalig,"63,585",0.97%,130.9,511,50,Municipality,Albay
Daraga (Locsin),"115,804",1.71%,118.64,"1,067",54,Municipality,Albay
Guinobatan,"75,967",1.55%,244.43,337,44,Municipality,Albay
Jovellar,"16,899",0.46%,105.4,164,23,Municipality,Albay
Legazpi,"182,201",1.46%,153.7,"1,279",70,CC,Albay
Libon,"71,527",0.95%,222.76,337,47,Municipality,Albay
Ligao,"104,914",1.15%,246.75,451,55,CC,Albay
Malilipot,"35,567",1.16%,44.13,856,18,Municipality,Albay
Malinao,"42,770",1.10%,107.5,421,29,Municipality,Albay
Manito,"22,819",1.53%,107.4,230,15,Municipality,Albay
Oas,"64,785",0.92%,263.61,258,53,Municipality,Albay
Pio Duran,"45,028",0.69%,133.7,349,33,Municipality,Albay
Polangui,"82,307",1.33%,145.3,607,44,Municipality,Albay
Rapu-Rapu,"35,875",0.55%,155.3,238,34,Municipality,Albay
Santo Domingo (Libog),"32,414",1.45%,51.22,683,23,Municipality,Albay
Tabaco,"125,083",1.30%,117.14,"1,143",47,CC,Albay
Tiwi,"50,163",1.10%,105.76,474,25,Municipality,Albay
Anini-y,"20,349",0.78%,66.17,320,23,Municipality,Antique
Barbaza,"21,775",0.80%,154.36,147,39,Municipality,Antique
Belison,"12,807",1.06%,19.78,684,11,Municipality,Antique
Bugasong,"32,264",0.80%,203.71,165,27,Municipality,Antique
Caluya,"30,046",3.22%,132.13,269,18,Municipality,Antique
Culasi,"39,086",1.02%,228.56,180,44,Municipality,Antique
Hamtic,"45,983",1.06%,113.03,430,47,Municipality,Antique
Laua-an,"25,211",0.64%,100.72,259,40,Municipality,Antique
Libertad,"15,669",0.91%,97,169,19,Municipality,Antique
Pandan,"32,494",1.05%,113.98,301,34,Municipality,Antique
Patnongon,"35,102",1.10%,167.92,221,36,Municipality,Antique
San Jose de Buenavista,"57,847",1.49%,48.56,"1,288",28,Municipality,Antique
San Remigio,"30,446",0.91%,406.98,78,45,Municipality,Antique
Sebaste,"17,270",0.69%,111.64,160,10,Municipality,Antique
Sibalom,"56,058",1.40%,201.3,300,76,Municipality,Antique
Tibiao,"24,513",1.68%,177.42,151,21,Municipality,Antique
Tobias Fornier (Dao),"30,669",1.43%,112.12,295,50,Municipality,Antique
Valderrama,"18,442",0.69%,273.79,70,22,Municipality,Antique
Calanasan (Bayag),"11,568",1.65%,"1,256.15",10,18,Municipality,Apayao
Conner,"24,811",0.93%,694.3,38,21,Municipality,Apayao
Flora,"16,743",0.73%,324.4,54,16,Municipality,Apayao
Kabugao,"16,170",−0.76%,935.12,17,21,Municipality,Apayao
Luna,"18,029",1.07%,606.04,31,22,Municipality,Apayao
Pudtol,"13,305",2.21%,401.02,37,22,Municipality,Apayao
Santa Marcela,"12,010",2.41%,196.32,69,13,Municipality,Apayao
Baler,"36,010",1.81%,92.55,427,13,Municipality,Aurora
Casiguran,"23,865",0.35%,715.43,34,24,Municipality,Aurora
Dilasag,"15,683",0.18%,306.25,52,11,Municipality,Aurora
Dinalungan,"10,988",0.57%,316.85,36,9,Municipality,Aurora
Dingalan,"23,554",1.51%,304.55,84,11,Municipality,Aurora
Dipaculao,"27,729",1.34%,361.64,82,25,Municipality,Aurora
Maria Aurora,"38,128",1.27%,426.19,96,40,Municipality,Aurora
San Luis,"25,276",1.51%,623.86,44,18,Municipality,Aurora
Akbar,"13,369",5.30%,181,97,9,Municipality,Basilan
Al-Barka,"19,523",1.31%,72.58[6],288,16,Municipality,Basilan
Hadji Mohammad Ajul,"15,962",3.69%,41.02[7],471,11,Municipality,Basilan
Hadji Muhtamad,"12,249",14.62%,—,—,10,Municipality,Basilan
Isabela City,"97,857",2.74%,223.73,504,45,CC,Basilan
Lamitan,"68,996",1.55%,—,—,45,CC,Basilan
Lantawan,"20,087",3.93%,305.84,80,25,Municipality,Basilan
Maluso,"33,803",3.57%,168.46[8],241,20,Municipality,Basilan
Sumisip,"37,031",2.30%,—,—,29,Municipality,Basilan
Tabuan-Lasa,"18,635",5.09%,64.95,372,12,Municipality,Basilan
Tipo-Tipo,"16,978",2.33%,49.70[9],386,11,Municipality,Basilan
Tuburan,"18,988",1.19%,—,—,10,Municipality,Basilan
Ungkaya Pukan,"17,701",0.78%,96.13[10],192,12,Municipality,Basilan
Abucay,"37,719",1.07%,79.72,500,9,Municipality,Bataan
Bagac,"25,568",1.00%,231.2,117,14,Municipality,Bataan
Balanga,"87,920",1.70%,111.63,861,25,CC,Bataan
Dinalupihan,"97,275",1.72%,92.52,"1,150",46,Municipality,Bataan
Hermosa,"56,997",2.79%,157,420,23,Municipality,Bataan
Limay,"57,207",3.37%,103.6,657,12,Municipality,Bataan
Mariveles,"112,707",2.38%,153.9,829,18,Municipality,Bataan
Morong,"26,171",2.57%,219.2,136,5,Municipality,Bataan
Orani,"61,099",1.74%,64.9,"1,031",29,Municipality,Bataan
Orion,"51,454",1.63%,65.41,856,23,Municipality,Bataan
Pilar,"39,787",0.95%,37.6,"1,112",19,Municipality,Bataan
Samal,"33,578",0.96%,56.3,627,14,Municipality,Bataan
Basco,"7,907",1.57%,49.46,173,6,Municipality,Batanes
Itbayat,"2,988",−0.78%,83.13,34,5,Municipality,Batanes
Ivana,"1,249",1.16%,16.54,80,4,Municipality,Batanes
Mahatao,"1,583",−0.34%,12.9,121,4,Municipality,Batanes
Sabtang,"1,637",−0.19%,40.7,40,6,Municipality,Batanes
Uyugan,"1,240",0.86%,16.28,80,4,Municipality,Batanes
Agoncillo,"35,794",1.18%,49.96,762,21,Municipality,Batangas
Alitagtag,"23,649",1.29%,24.76,"1,022",19,Municipality,Batangas
Balayan,"81,805",1.98%,108.73,834,48,Municipality,Batangas
Balete,"20,214",2.20%,25,906,13,Municipality,Batangas
Batangas City,"305,607",1.47%,282.96,"1,166",105,CC,Batangas
Bauan,"81,351",2.22%,53.31,"1,713",40,Municipality,Batangas
Calaca,"70,521",2.88%,114.58,714,40,Municipality,Batangas
Calatagan,"51,997",1.58%,112,504,25,Municipality,Batangas
Cuenca,"31,236",0.92%,58.18,563,21,Municipality,Batangas
Ibaan,"48,482",1.70%,68.99,768,26,Municipality,Batangas
Laurel,"35,674",1.93%,71.29,553,21,Municipality,Batangas
Lemery,"81,825",2.50%,109.8,848,46,Municipality,Batangas
Lian,"45,943",2.63%,76.8,686,19,Municipality,Batangas
Lipa,"283,468",3.08%,209.4,"1,587",72,CC,Batangas
Lobo,"37,070",2.17%,175.03,237,26,Municipality,Batangas
Mabini,"44,391",0.77%,44.47,"1,039",34,Municipality,Batangas
Malvar,"45,952",3.93%,33,"1,705",15,Municipality,Batangas
Mataasnakahoy,"27,177",1.37%,22.1,"1,321",16,Municipality,Batangas
Nasugbu,"122,483",1.74%,278.51,482,42,Municipality,Batangas
Padre Garcia,"44,877",1.41%,41.51,"1,164",18,Municipality,Batangas
Rosario,"105,561",1.94%,226.88,515,48,Municipality,Batangas
San Jose,"68,517",2.24%,53.29,"1,444",33,Municipality,Batangas
San Juan,"94,291",2.72%,273.4,397,42,Municipality,Batangas
San Luis,"30,701",1.47%,42.56,779,26,Municipality,Batangas
San Nicolas,"20,599",1.80%,14.37,"1,574",18,Municipality,Batangas
San Pascual,"59,598",1.79%,50.7,"1,290",29,Municipality,Batangas
Santa Teresita,"17,415",3.75%,16.3,"1,296",17,Municipality,Batangas
Santo Tomas,"124,740",7.21%,95.41,"1,885",30,Municipality,Batangas
Taal,"51,503",1.72%,29.76,"1,893",42,Municipality,Batangas
Talisay,"39,600",2.59%,28.2,"1,606",21,Municipality,Batangas
Tanauan,"152,393",2.49%,107.16,"1,618",48,CC,Batangas
Taysan,"35,357",1.39%,93.62,406,20,Municipality,Batangas
Tingloy,"16,870",1.16%,33.07,542,15,Municipality,Batangas
Tuy,"40,734",1.37%,94.65,462,22,Municipality,Batangas
Atok,"19,242",0.42%,214.99,91,8,Municipality,Benguet
Baguio,"318,676",1.54%,57.51,"5,541",129,HUC,Benguet
Bakun,"13,587",2.36%,286.91,54,7,Municipality,Benguet
Bokod,"12,648",1.61%,274.96,50,10,Municipality,Benguet
Buguias,"39,271",2.02%,175.88,248,14,Municipality,Benguet
Itogon,"55,960",1.28%,449.73,133,9,Municipality,Benguet
Kabayan,"13,588",2.23%,242.69,63,13,Municipality,Benguet
Kapangan,"20,084",−0.70%,164.39,118,15,Municipality,Benguet
Kibungan,"16,850",0.49%,254.86,68,7,Municipality,Benguet
La Trinidad,"107,188",3.61%,70.04,"1,844",16,Municipality,Benguet
Mankayan,"35,586",0.20%,130.48,276,12,Municipality,Benguet
Sablan,"10,511",1.65%,105.63,108,8,Municipality,Benguet
Tuba,"42,874",2.03%,295.97,161,13,Municipality,Benguet
Tublay,"16,555",1.49%,102.55,174,8,Municipality,Benguet
Almeria,"16,495",0.52%,57.46,295,13,Municipality,Biliran
Biliran,"16,183",0.81%,70.3,240,11,Municipality,Biliran
Cabucgayan,"19,621",1.11%,54.19,384,13,Municipality,Biliran
Caibiran,"21,473",0.91%,83.55,270,17,Municipality,Biliran
Culaba,"12,252",0.11%,73.42,168,17,Municipality,Biliran
Kawayan,"20,238",0.05%,61.02,333,20,Municipality,Biliran
Maripipi,"6,699",1.27%,27.83,257,15,Municipality,Biliran
Naval,"48,799",2.19%,108.24,505,26,Municipality,Biliran
Alburquerque,"9,921",1.16%,26.98,391,11,Municipality,Bohol
Alicia,"22,285",1.03%,114.5,205,15,Municipality,Bohol
Anda,"16,909",−0.51%,61.89,266,16,Municipality,Bohol
Antequera,"14,481",−0.07%,118.6,122,21,Municipality,Bohol
Baclayon,"18,630",1.92%,34.43,598,17,Municipality,Bohol
Balilihan,"17,147",0.82%,127.27,141,31,Municipality,Bohol
Batuan,"12,431",0.51%,48.79,262,15,Municipality,Bohol
Bien Unido,"25,796",0.95%,27.39,990,15,Municipality,Bohol
Bilar,"17,098",0.54%,129.71,136,19,Municipality,Bohol
Buenavista,"27,031",0.16%,96,284,35,Municipality,Bohol
Calape,"30,146",0.45%,75.36,410,33,Municipality,Bohol
Candijay,"29,043",0.28%,103.26,285,21,Municipality,Bohol
Carmen,"43,579",1.16%,239.45,193,29,Municipality,Bohol
Catigbian,"22,686",−0.01%,113.33,200,22,Municipality,Bohol
Clarin,"20,296",0.00%,52.12,390,24,Municipality,Bohol
Corella,"7,699",1.85%,37.22,228,8,Municipality,Bohol
Cortes,"15,294",1.98%,27.32,621,14,Municipality,Bohol
Dagohoy,"18,868",0.29%,77.59,247,15,Municipality,Bohol
Danao,"17,952",−0.07%,162.76,110,17,Municipality,Bohol
Dauis,"39,448",2.82%,43.33,"1,054",12,Municipality,Bohol
Dimiao,"15,166",−1.03%,135.75,106,35,Municipality,Bohol
Duero,"17,580",0.32%,97.3,184,21,Municipality,Bohol
Garcia Hernandez,"23,038",0.94%,127.5,190,30,Municipality,Bohol
Getafe,"27,788",2.08%,120.5,257,24,Municipality,Bohol
Guindulman,"31,789",0.37%,179.17,181,19,Municipality,Bohol
Inabanga,"43,291",1.11%,125.63,365,50,Municipality,Bohol
Jagna,"32,566",0.76%,168.49,201,33,Municipality,Bohol
Lila,"11,985",0.43%,40.5,303,18,Municipality,Bohol
Loay,"16,261",0.50%,48.24,346,24,Municipality,Bohol
Loboc,"16,312",−0.38%,57.65,277,28,Municipality,Bohol
Loon,"42,800",0.10%,113.36,380,67,Municipality,Bohol
Mabini,"28,174",−0.69%,104.57,260,22,Municipality,Bohol
Maribojoc,"20,491",0.18%,49.35,419,22,Municipality,Bohol
Panglao,"28,603",3.09%,47.79,702,10,Municipality,Bohol
Pilar,"26,887",0.26%,120.39,226,21,Municipality,Bohol
President Carlos P. Garcia (Pitogo),"23,287",0.06%,54.82,426,23,Municipality,Bohol
Sagbayan (Borja),"20,091",2.04%,69.61,321,24,Municipality,Bohol
San Isidro,"9,125",−0.81%,60.04,146,12,Municipality,Bohol
San Miguel,"23,574",0.45%,123.29,196,18,Municipality,Bohol
Sevilla,"10,443",0.39%,116.75,91,13,Municipality,Bohol
Sierra Bullones,"24,698",0.04%,198.87,124,22,Municipality,Bohol
Sikatuna,"6,380",1.01%,38.22,176,10,Municipality,Bohol
Tagbilaran,"96,792",1.57%,36.5,"2,878",15,CC,Bohol
Talibon,"61,373",1.68%,140.46,477,25,Municipality,Bohol
Trinidad,"28,828",1.98%,195.3,164,20,Municipality,Bohol
Tubigon,"44,902",0.42%,81.87,561,34,Municipality,Bohol
Ubay,"68,578",1.38%,335.06,220,44,Municipality,Bohol
Valencia,"27,586",−0.32%,116.67,233,35,Municipality,Bohol
Baungon,"32,868",0.84%,328.34,105,16,Municipality,Bukidnon
Cabanglasan,"32,427",0.90%,243.3,140,15,Municipality,Bukidnon
Damulog,"25,538",3.31%,244.19,124,17,Municipality,Bukidnon
Dangcagan,"22,448",1.06%,422.69,56,14,Municipality,Bukidnon
Don Carlos,"64,334",0.76%,213.72,313,29,Municipality,Bukidnon
Impasugong,"43,587",1.80%,"1,051.17",46,13,Municipality,Bukidnon
Kadingilan,"31,756",1.18%,171.94,196,17,Municipality,Bukidnon
Kalilangan,"39,847",0.82%,251.43,165,14,Municipality,Bukidnon
Kibawe,"35,767",1.96%,304.13,130,23,Municipality,Bukidnon
Kitaotao,"49,488",0.30%,788.78,64,35,Municipality,Bukidnon
Lantapan,"55,934",1.91%,328.35,188,14,Municipality,Bukidnon
Libona,"39,393",2.11%,374.37,117,14,Municipality,Bukidnon
Malaybalay,"153,085",2.54%,969.19,180,46,CC,Bukidnon
Malitbog,"22,880",1.27%,581.85,42,11,Municipality,Bukidnon
Manolo Fortich,"91,026",1.85%,413.6,242,22,Municipality,Bukidnon
Maramag,"90,901",2.23%,447.26,228,20,Municipality,Bukidnon
Pangantucan,"48,775",1.64%,461.72,115,19,Municipality,Bukidnon
Quezon,"94,584",1.85%,626.86,166,31,Municipality,Bukidnon
San Fernando,"50,207",2.15%,705.06,80,24,Municipality,Bukidnon
Sumilao,"25,668",1.43%,196.95,140,10,Municipality,Bukidnon
Talakag,"67,123",1.25%,786.4,91,29,Municipality,Bukidnon
Valencia,"181,556",1.17%,587.29,329,31,CC,Bukidnon
Angat,"55,332",1.31%,74,801,16,Municipality,Bulacan
Balagtas (Bigaa),"65,440",2.35%,28.66,"2,580",9,Municipality,Bulacan
Baliuag,"143,565",0.83%,45.05,"3,329",27,Municipality,Bulacan
Bocaue,"106,407",2.26%,31.87,"3,755",19,Municipality,Bulacan
Bulakan,"71,751",1.24%,72.9,"1,050",14,Municipality,Bulacan
Bustos,"62,415",1.37%,69.99,958,14,Municipality,Bulacan
Calumpit,"101,068",1.41%,56.25,"1,933",29,Municipality,Bulacan
Doña Remedios Trinidad,"19,878",2.53%,932.96,24,8,Municipality,Bulacan
Guiguinto,"90,507",1.86%,27.5,"3,627",14,Municipality,Bulacan
Hagonoy,"125,689",0.62%,103.1,"1,259",26,Municipality,Bulacan
Malolos,"234,945",1.35%,67.25,"3,748",51,CC,Bulacan
Marilao,"185,624",3.46%,33.74,"6,579",16,Municipality,Bulacan
Meycauayan,"199,154",0.93%,32.1,"6,513",26,CC,Bulacan
Norzagaray,"103,095",1.48%,309.77,359,13,Municipality,Bulacan
Obando,"58,009",0.39%,52.1,"1,136",11,Municipality,Bulacan
Pandi,"66,650",5.68%,31.2,"2,855",22,Municipality,Bulacan
Paombong,"50,940",0.86%,46.34,"1,150",14,Municipality,Bulacan
Plaridel,"101,441",1.17%,32.44,"3,323",19,Municipality,Bulacan
Pulilan,"85,844",2.42%,39.89,"2,440",19,Municipality,Bulacan
San Ildefonso,"95,000",1.83%,128.71,812,36,Municipality,Bulacan
San Jose del Monte,"454,553",4.55%,105.53,"5,440",59,CC,Bulacan
San Miguel,"142,854",1.43%,231.4,665,49,Municipality,Bulacan
San Rafael,"85,921",1.86%,152.43,621,34,Municipality,Bulacan
Santa Maria,"218,351",3.11%,90.92,"2,821",24,Municipality,Bulacan
Abulug,"30,675",1.10%,162.6,200,20,Municipality,Cagayan
Alcala,"37,773",0.55%,187.2,208,25,Municipality,Cagayan
Allacapan,"31,662",1.12%,306.8,109,27,Municipality,Cagayan
Amulung,"45,182",1.10%,242.2,198,47,Municipality,Cagayan
Aparri,"61,199",1.35%,286.64,229,42,Municipality,Cagayan
Baggao,"78,188",1.09%,920.6,90,48,Municipality,Cagayan
Ballesteros,"32,215",1.20%,120,286,19,Municipality,Cagayan
Buguey,"28,455",1.12%,164.5,183,30,Municipality,Cagayan
Calayan,"16,200",0.58%,494.53,34,12,Municipality,Cagayan
Camalaniugan,"23,404",1.20%,76.5,326,28,Municipality,Cagayan
Claveria,"30,482",−0.35%,194.8,154,41,Municipality,Cagayan
Enrile,"32,553",1.85%,184.5,194,22,Municipality,Cagayan
Gattaran,"54,848",0.62%,707.5,80,50,Municipality,Cagayan
Gonzaga,"36,303",1.32%,567.43,69,25,Municipality,Cagayan
Iguig,"25,559",1.66%,108.1,258,23,Municipality,Cagayan
Lal-lo,"41,388",1.39%,702.8,63,35,Municipality,Cagayan
Lasam,"36,994",1.08%,213.7,183,30,Municipality,Cagayan
Pamplona,"23,236",0.29%,173.3,136,18,Municipality,Cagayan
Peñablanca,"42,736",2.47%,"1,193.20",41,24,Municipality,Cagayan
Piat,"22,961",0.52%,139.6,169,18,Municipality,Cagayan
Rizal,"18,592",−0.62%,124.4,145,29,Municipality,Cagayan
Sanchez-Mira,"23,257",1.03%,198.8,123,18,Municipality,Cagayan
Santa Ana,"30,458",1.48%,441.3,75,16,Municipality,Cagayan
Santa Praxedes,"3,646",2.51%,109.97,38,10,Municipality,Cagayan
Santa Teresita,"17,600",1.51%,166.98,114,13,Municipality,Cagayan
Santo Niño (Faire),"26,126",0.78%,512.9,53,31,Municipality,Cagayan
Solana,"76,596",1.42%,234.6,352,38,Municipality,Cagayan
Tuao,"57,620",1.26%,215.5,286,32,Municipality,Cagayan
Tuguegarao,"138,865",1.93%,144.8,"1,060",49,CC,Cagayan
Basud,"38,176",1.38%,260.28,158,29,Municipality,Camarines Norte
Capalonga,"31,299",0.55%,290,111,22,Municipality,Camarines Norte
Daet,"95,572",1.77%,46,"2,278",25,Municipality,Camarines Norte
Jose Panganiban,"55,557",1.36%,214.44,278,27,Municipality,Camarines Norte
Labo,"92,041",1.80%,589.36,172,52,Municipality,Camarines Norte
Mercedes,"47,674",1.23%,173.69,293,26,Municipality,Camarines Norte
Paracale,"53,243",2.02%,197.9,299,27,Municipality,Camarines Norte
San Lorenzo Ruiz (Imelda),"12,592",2.13%,119.37,118,12,Municipality,Camarines Norte
San Vicente,"10,114",0.52%,57.49,181,9,Municipality,Camarines Norte
Santa Elena,"40,828",−0.02%,199.35,205,19,Municipality,Camarines Norte
Talisay,"23,904",1.49%,30.76,840,15,Municipality,Camarines Norte
Vinzons,"41,915",0.70%,141.43,307,19,Municipality,Camarines Norte
Baao,"54,971",1.31%,106.63,552,30,Municipality,Camarines Sur
Balatan,"28,699",1.43%,93.09,332,17,Municipality,Camarines Sur
Bato,"48,306",1.46%,107.12,487,33,Municipality,Camarines Sur
Bombon,"15,437",1.29%,28.73,575,8,Municipality,Camarines Sur
Buhi,"73,809",0.84%,246.65,313,38,Municipality,Camarines Sur
Bula,"68,011",0.39%,167.64,414,33,Municipality,Camarines Sur
Cabusao,"18,049",0.36%,46.8,393,9,Municipality,Camarines Sur
Calabanga,"78,119",1.17%,163.8,507,48,Municipality,Camarines Sur
Camaligan,"22,254",1.54%,4.68,"5,151",13,Municipality,Camarines Sur
Canaman,"32,390",1.05%,43.27,791,24,Municipality,Camarines Sur
Caramoan,"44,945",1.10%,276,172,49,Municipality,Camarines Sur
Del Gallego,"23,064",1.85%,208.31,122,32,Municipality,Camarines Sur
Gainza,"10,345",1.63%,14.75,764,8,Municipality,Camarines Sur
Garchitorena,"25,204",1.33%,243.8,111,23,Municipality,Camarines Sur
Goa,"58,503",1.51%,206.18,307,34,Municipality,Camarines Sur
Iriga,"105,919",1.03%,137.35,814,36,CC,Camarines Sur
Lagonoy,"51,814",1.30%,377.9,147,38,Municipality,Camarines Sur
Libmanan,"100,002",1.60%,342.82,317,75,Municipality,Camarines Sur
Lupi,"30,118",1.26%,199.12,162,38,Municipality,Camarines Sur
Magarao,"24,274",1.09%,44.97,571,15,Municipality,Camarines Sur
Milaor,"28,474",1.72%,33.64,926,20,Municipality,Camarines Sur
Minalabac,"48,162",1.62%,126.1,415,25,Municipality,Camarines Sur
Nabua,"80,111",0.88%,96.2,872,42,Municipality,Camarines Sur
Naga,"174,931",2.19%,84.48,"2,320",27,ICC,Camarines Sur
Ocampo,"43,523",1.03%,118.33,388,25,Municipality,Camarines Sur
Pamplona,"34,471",1.04%,80.6,451,17,Municipality,Camarines Sur
Pasacao,"45,946",1.25%,149.54,328,19,Municipality,Camarines Sur
Pili,"82,307",1.62%,126.25,709,26,Municipality,Camarines Sur
Presentacion (Parubcan),"20,023",0.91%,143.8,146,18,Municipality,Camarines Sur
Ragay,"54,934",1.11%,400.22,145,38,Municipality,Camarines Sur
Sagñay,"31,314",1.89%,154.76,223,19,Municipality,Camarines Sur
San Fernando,"33,281",1.10%,71.76,491,22,Municipality,Camarines Sur
San Jose,"38,523",1.02%,43.07,943,29,Municipality,Camarines Sur
Sipocot,"64,042",0.24%,243.43,266,46,Municipality,Camarines Sur
Siruma,"17,050",0.78%,141.27,126,22,Municipality,Camarines Sur
Tigaon,"48,611",2.48%,72.35,764,23,Municipality,Camarines Sur
Tinambac,"62,435",1.52%,351.62,192,44,Municipality,Camarines Sur
Catarman,"16,388",0.47%,53.75,313,14,Municipality,Camiguin
Guinsiliban,"5,580",2.28%,18.52,339,7,Municipality,Camiguin
Mahinog,"13,531",0.70%,32.55,431,13,Municipality,Camiguin
Mambajao,"36,435",1.17%,89,435,15,Municipality,Camiguin
Sagay,"11,873",1.18%,44.13,286,9,Municipality,Camiguin
Cuartero,"25,456",1.42%,106.58,257,22,Municipality,Capiz
Dao,"31,911",0.35%,88.64,367,20,Municipality,Capiz
Dumalag,"29,298",0.11%,109.18,270,19,Municipality,Capiz
Dumarao,"43,986",0.92%,232.56,198,33,Municipality,Capiz
Ivisan,"26,763",1.58%,54.2,536,15,Municipality,Capiz
Jamindan,"35,002",0.89%,412.03,89,30,Municipality,Capiz
Maayon,"36,430",1.02%,142.32,270,32,Municipality,Capiz
Mambusao,"37,672",0.98%,136.91,290,26,Municipality,Capiz
Panay,"43,449",1.14%,116.37,396,42,Municipality,Capiz
Panitan,"37,895",1.17%,89.88,448,26,Municipality,Capiz
Pilar,"41,572",1.64%,77.99,581,24,Municipality,Capiz
Pontevedra,"43,525",1.24%,130.9,355,26,Municipality,Capiz
President Roxas,"28,561",0.73%,77.88,381,22,Municipality,Capiz
Roxas City,"156,197",1.28%,95.07,"1,757",47,CC,Capiz
Sapian,"24,779",0.79%,105.24,245,10,Municipality,Capiz
Sigma,"29,138",0.64%,101.71,296,21,Municipality,Capiz
Tapaz,"48,051",1.26%,517.18,99,58,Municipality,Capiz
Bagamanoc,"11,370",0.30%,80.74,143,18,Municipality,Catanduanes
Baras,"12,243",0.92%,109.5,117,29,Municipality,Catanduanes
Bato,"19,984",1.20%,48.62,438,27,Municipality,Catanduanes
Caramoran,"28,063",1.31%,263.74,114,27,Municipality,Catanduanes
Gigmoto,"8,003",0.85%,181.82,46,9,Municipality,Catanduanes
Pandan,"19,393",1.08%,119.9,171,26,Municipality,Catanduanes
Panganiban (Payo),"9,738",−0.90%,79.96,116,23,Municipality,Catanduanes
San Andres (Calolbon),"35,779",0.53%,167.31,220,38,Municipality,Catanduanes
San Miguel,"14,107",1.18%,129.94,115,24,Municipality,Catanduanes
Viga,"20,669",0.86%,158.23,137,31,Municipality,Catanduanes
Virac,"66,951",1.83%,152.4,483,63,Municipality,Catanduanes
Alfonso,"48,567",1.25%,66.58,779,32,Municipality,Cavite
Amadeo,"33,457",2.27%,36.92,"1,020",26,Municipality,Cavite
Bacoor,"520,216",2.77%,46.17,"13,009",73,CC,Cavite
Carmona,"74,986",5.14%,30.92,"3,155",14,Municipality,Cavite
Cavite City,"101,120",0.32%,10.89,"9,440",84,CC,Cavite
Dasmariñas,"575,817",2.60%,90.13,"7,312",75,CC,Cavite
General Emilio Aguinaldo,"17,507",4.64%,9.4,"2,364",14,Municipality,Cavite
General Mariano Alvarez,"138,540",2.18%,11.4,"13,609",27,Municipality,Cavite
General Trias,"243,322",4.99%,81.46,"3,858",33,CC,Cavite
Imus,"301,624",5.71%,171.66,"2,352",97,CC,Cavite
Indang,"62,030",1.07%,74.9,876,36,Municipality,Cavite
Kawit,"78,209",1.25%,22.86,"3,651",23,Municipality,Cavite
Magallanes,"21,231",1.30%,73.07,311,16,Municipality,Cavite
Maragondon,"35,289",1.28%,164.61,229,27,Municipality,Cavite
Mendez (Mendez-Nuñez),"28,570",1.89%,43.27,729,24,Municipality,Cavite
Naic,"88,144",4.57%,76.24,"1,462",30,Municipality,Cavite
Noveleta,"41,678",1.83%,16.43,"2,790",16,Municipality,Cavite
Rosario,"92,253",3.53%,38.16,"2,901",20,Municipality,Cavite
Silang,"213,490",2.90%,209.43,"1,185",64,Municipality,Cavite
Tagaytay,"62,030",2.65%,65,"1,095",34,CC,Cavite
Tanza,"188,755",3.50%,95.59,"2,366",41,Municipality,Cavite
Ternate,"19,297",3.53%,59.93,386,10,Municipality,Cavite
Trece Martires,"104,559",7.88%,39.1,"3,982",13,CC,Cavite
Alcantara,"13,556",2.15%,35.2,431,9,Municipality,Cebu
Alcoy,"14,757",2.71%,61.63,275,8,Municipality,Cebu
Alegria,"22,072",1.04%,89.49,260,9,Municipality,Cebu
Aloguinsan,"27,650",2.88%,61.92,518,15,Municipality,Cebu
Argao,"69,503",0.77%,191.5,378,45,Municipality,Cebu
Asturias,"44,732",1.29%,190.45,251,27,Municipality,Cebu
Badian,"37,699",0.11%,110.07,344,29,Municipality,Cebu
Balamban,"71,237",3.92%,333.56,261,28,Municipality,Cebu
Bantayan,"74,785",1.07%,81.68,968,25,Municipality,Cebu
Barili,"65,524",2.31%,122.21,604,42,Municipality,Cebu
Bogo,"69,911",2.14%,103.52,755,29,CC,Cebu
Boljoon,"15,027",1.61%,117,140,11,Municipality,Cebu
Borbon,"31,598",2.26%,120.94,294,19,Municipality,Cebu
Carcar,"107,323",2.09%,116.78,"1,025",15,CC,Cebu
Carmen,"44,648",2.69%,84.78,605,21,Municipality,Cebu
Catmon,"28,320",1.40%,109.64,278,20,Municipality,Cebu
Cebu City,"866,171",1.21%,315,"2,929",80,HUC,Cebu
Compostela,"42,574",2.27%,53.9,889,17,Municipality,Cebu
Consolacion,"106,649",4.07%,37.03,894,21,Municipality,Cebu
Cordova,"50,353",3.30%,17.15,"3,482",13,Municipality,Cebu
Daanbantayan,"74,897",2.31%,92.27,915,20,Municipality,Cebu
Dalaguete,"63,239",1.25%,154.96,436,33,Municipality,Cebu
Danao,"119,252",2.60%,107.3,"1,272",42,CC,Cebu
Dumanjug,"46,754",1.75%,85.53,599,37,Municipality,Cebu
Ginatilan,"15,327",0.72%,70.1,227,14,Municipality,Cebu
Lapu-Lapu (Opon),"350,467",2.94%,58.1,"7,024",30,HUC,Cebu
Liloan,"100,500",3.23%,45.92,"2,586",14,Municipality,Cebu
Madridejos,"34,905",0.82%,23.95,"1,521",14,Municipality,Cebu
Malabuyoc,"18,426",0.96%,69.27,280,14,Municipality,Cebu
Mandaue,"331,320",1.74%,25.18,"14,402",27,HUC,Cebu
Medellin,"50,047",1.93%,73.19,756,19,Municipality,Cebu
Minglanilla,"113,178",2.99%,65.6,"2,014",19,Municipality,Cebu
Moalboal,"27,676",2.26%,124.86,249,15,Municipality,Cebu
Naga,"101,571",2.52%,101.97,"1,135",28,CC,Cebu
Oslob,"26,116",1.26%,134.75,207,21,Municipality,Cebu
Pilar,"11,564",−0.43%,32.42,349,13,Municipality,Cebu
Pinamungajan,"57,997",2.48%,109.16,604,26,Municipality,Cebu
Poro,"23,498",1.35%,63.59,396,17,Municipality,Cebu
Ronda,"18,582",1.76%,57.1,357,14,Municipality,Cebu
Samboan,"18,613",2.22%,45.16,462,15,Municipality,Cebu
San Fernando,"60,970",1.60%,69.39,955,21,Municipality,Cebu
San Francisco,"47,357",2.95%,106.93,516,15,Municipality,Cebu
San Remigio,"51,394",2.18%,95.27,604,27,Municipality,Cebu
Santa Fe,"27,270",0.91%,28.05,"1,020",10,Municipality,Cebu
Santander,"16,105",1.99%,29.53,605,10,Municipality,Cebu
Sibonga,"43,641",1.90%,133.45,361,25,Municipality,Cebu
Sogod,"30,626",2.63%,119.23,294,18,Municipality,Cebu
Tabogon,"33,024",3.22%,101.35,385,25,Municipality,Cebu
Tabuelan,"22,292",2.69%,141.13,182,12,Municipality,Cebu
Talisay,"200,772",2.42%,39.87,"5,710",22,CC,Cebu
Toledo,"157,078",1.55%,216.28,788,38,CC,Cebu
Tuburan,"58,914",1.55%,224.5,284,54,Municipality,Cebu
Tudela,"9,859",2.62%,33.02,342,11,Municipality,Cebu
Compostela,"81,934",1.25%,287,305,16,Municipality,Compostela Valley
Laak (San Vicente),"70,856",0.80%,768,96,40,Municipality,Compostela Valley
Mabini (Doña Alicia),"36,807",2.12%,400,103,11,Municipality,Compostela Valley
Maco,"72,235",2.27%,342.23,237,37,Municipality,Compostela Valley
Maragusan (San Mariano),"55,503",1.76%,394.27,154,24,Municipality,Compostela Valley
Mawab,"35,698",0.72%,136.1,272,11,Municipality,Compostela Valley
Monkayo,"94,827",0.02%,609.61,156,21,Municipality,Compostela Valley
Montevista,"39,602",1.90%,225,194,20,Municipality,Compostela Valley
Nabunturan,"73,196",2.24%,231.3,356,28,Municipality,Compostela Valley
New Bataan,"47,470",0.10%,553.15,86,16,Municipality,Compostela Valley
Pantukan,"79,067",1.59%,533.11,161,13,Municipality,Compostela Valley
Alamada,"56,813",2.47%,787.5,82,17,Municipality,Cotabato
Aleosan,"35,746",1.87%,225.44,175,19,Municipality,Cotabato
Antipas,"25,242",0.05%,552.5,46,13,Municipality,Cotabato
Arakan,"43,554",1.96%,693.22,70,28,Municipality,Cotabato
Banisilan,"39,914",1.73%,577.22,76,20,Municipality,Cotabato
Carmen,"82,469",2.92%,"1,110.43",86,28,Municipality,Cotabato
Kabacan,"81,282",1.78%,448.09,199,24,Municipality,Cotabato
Kidapawan,"125,447",2.14%,358.47,391,40,CC,Cotabato
Libungan,"45,295",1.42%,172.5,283,20,Municipality,Cotabato
M'lang,"87,749",1.54%,312.13,305,37,Municipality,Cotabato
Magpet,"45,183",1.64%,755.36,65,32,Municipality,Cotabato
Makilala,"77,508",1.51%,343.57,244,38,Municipality,Cotabato
Matalam,"74,034",1.33%,476,17,34,Municipality,Cotabato
Midsayap,"134,170",2.36%,290.42,522,57,Municipality,Cotabato
Pigcawayan,"59,975",2.07%,340.11,196,40,Municipality,Cotabato
Pikit,"113,014",6.13%,604.61,255,42,Municipality,Cotabato
President Roxas,"44,229",1.40%,618.25,77,25,Municipality,Cotabato
Tulunan,"54,884",0.56%,343.08,165,29,Municipality,Cotabato
Asuncion (Saug),"55,844",1.16%,297.39,199,20,Municipality,Davao del Norte
Braulio E. Dujali,"28,339",1.16%,91,331,5,Municipality,Davao del Norte
Carmen,"69,199",1.46%,166,45,20,Municipality,Davao del Norte
Kapalong,"68,261",2.15%,830.01,92,14,Municipality,Davao del Norte
New Corella,"50,699",1.51%,263.12,208,20,Municipality,Davao del Norte
Panabo,"174,364",1.09%,251.23,735,40,CC,Davao del Norte
Samal,"95,874",1.58%,301.3,346,46,CC,Davao del Norte
San Isidro,"25,548",0.81%,152.49,175,13,Municipality,Davao del Norte
Santo Tomas,"109,269",1.60%,221.8,535,19,Municipality,Davao del Norte
Tagum,"242,801",1.27%,195.8,"1,325",23,CC,Davao del Norte
Talaingod,"25,566",1.39%,656.83,42,3,Municipality,Davao del Norte
Bansalan,"56,496",1.29%,157.75,383,25,Municipality,Davao del Sur
Davao City,"1,449,296",2.30%,"2,443.61",593,182,HUC,Davao del Sur
Digos,"149,891",2.36%,287.1,590,26,CC,Davao del Sur
Hagonoy,"49,107",1.58%,114.28,466,21,Municipality,Davao del Sur
Kiblawan,"44,618",1.76%,390.07,125,30,Municipality,Davao del Sur
Magsaysay,"49,141",1.77%,268.09,201,22,Municipality,Davao del Sur
Malalag,"35,295",1.78%,186.12,208,15,Municipality,Davao del Sur
Matanao,"51,382",1.91%,202.4,280,33,Municipality,Davao del Sur
Padada,"25,724",0.63%,83,320,17,Municipality,Davao del Sur
Santa Cruz,"81,093",2.22%,319.91,284,18,Municipality,Davao del Sur
Sulop,"32,163",0.84%,155.26,216,25,Municipality,Davao del Sur
Don Marcelino,"41,942",1.16%,407.3,109,15,Municipality,Davao Occidental
Jose Abad Santos (Trinidad),"69,631",1.76%,600.06,127,26,Municipality,Davao Occidental
Malita,"109,568",1.38%,883.37,133,30,Municipality,Davao Occidental
Santa Maria,"49,349",1.61%,175,307,22,Municipality,Davao Occidental
Sarangani,"23,290",0.60%,97.72,246,12,Municipality,Davao Occidental
Baganga,"53,426",0.98%,945.5,59,18,Municipality,Davao Oriental
Banaybanay,"39,121",0.95%,408.52,101,14,Municipality,Davao Oriental
Boston,"12,670",1.27%,357.03,38,8,Municipality,Davao Oriental
Caraga,"36,912",1.72%,642.7,63,17,Municipality,Davao Oriental
Cateel,"38,579",1.03%,545.56,75,16,Municipality,Davao Oriental
Governor Generoso,"50,372",1.73%,365.75,151,20,Municipality,Davao Oriental
Lupon,"61,723",1.22%,886.39,74,21,Municipality,Davao Oriental
Manay,"40,577",0.97%,418.36,102,17,Municipality,Davao Oriental
Mati,"126,143",2.16%,588.63,240,26,CC,Davao Oriental
San Isidro,"32,424",2.03%,220.44,163,16,Municipality,Davao Oriental
Tarragona,"25,671",0.41%,300.76,87,10,Municipality,Davao Oriental
Basilisa (Rizal),"33,880",1.63%,92.68,398,27,Municipality,Dinagat Islands
Cagdianao,"15,047",2.13%,249.48,67,14,Municipality,Dinagat Islands
Dinagat,"12,786",−3.45%,139.94,76,12,Municipality,Dinagat Islands
Libjo (Albor),"17,567",0.21%,180.57,98,16,Municipality,Dinagat Islands
Loreto,"8,920",0.82%,255.87,36,10,Municipality,Dinagat Islands
San Jose,"31,035",−2.29%,27.8,989,12,Municipality,Dinagat Islands
Tubajon,"7,568",1.72%,90,92,9,Municipality,Dinagat Islands
Arteche,"15,164",1.06%,169.82,94,20,Municipality,Eastern Samar
Balangiga,"12,756",1.90%,190.05,74,13,Municipality,Eastern Samar
Balangkayan,"9,046",2.17%,207.05,49,15,Municipality,Eastern Samar
Borongan,"64,457",1.39%,475,146,61,CC,Eastern Samar
Can-avid,"19,785",1.15%,288.7,73,28,Municipality,Eastern Samar
Dolores,"37,912",2.37%,308.58,139,46,Municipality,Eastern Samar
General MacArthur,"12,214",3.39%,117.29,124,30,Municipality,Eastern Samar
Giporlos,"12,040",1.92%,97.51,136,18,Municipality,Eastern Samar
Guiuan,"47,037",2.30%,175.49,302,60,Municipality,Eastern Samar
Hernani,"8,070",1.16%,49.42,173,13,Municipality,Eastern Samar
Jipapad,"7,397",1.22%,234.8,34,13,Municipality,Eastern Samar
Lawaan,"11,612",1.78%,162.56,78,16,Municipality,Eastern Samar
Llorente,"19,101",1.02%,496.07,41,33,Municipality,Eastern Samar
Maslog,"4,781",2.37%,249.8,22,12,Municipality,Eastern Samar
Maydolong,"13,614",1.53%,399.63,37,20,Municipality,Eastern Samar
Mercedes,"5,369",2.36%,23.32,260,16,Municipality,Eastern Samar
Oras,"34,760",0.96%,188.7,194,42,Municipality,Eastern Samar
Quinapondan,"13,841",1.26%,83.24,178,25,Municipality,Eastern Samar
Salcedo,"19,970",2.32%,113.8,198,41,Municipality,Eastern Samar
San Julian,"13,748",1.02%,150.62,96,16,Municipality,Eastern Samar
San Policarpo,"13,836",1.14%,78,188,17,Municipality,Eastern Samar
Sulat,"15,184",0.24%,169.75,91,18,Municipality,Eastern Samar
Taft,"17,183",1.85%,231.27,82,24,Municipality,Eastern Samar
Buenavista,"46,703",1.48%,128.26,393,36,Municipality,Guimaras
Jordan,"34,791",0.70%,126.11,286,14,Municipality,Guimaras
Nueva Valencia,"37,852",0.96%,137.12,290,22,Municipality,Guimaras
San Lorenzo,"24,032",1.59%,93.04,281,12,Municipality,Guimaras
Sibunag,"19,565",2.40%,120.04,185,14,Municipality,Guimaras
Aguinaldo,"18,610",0.80%,538.05,36,16,Municipality,Ifugao
Alfonso Lista (Potia),"28,410",2.36%,347.46,92,20,Municipality,Ifugao
Asipulo,"14,403",1.11%,182.87,83,9,Municipality,Ifugao
Banaue,"22,365",−0.45%,191.2,114,18,Municipality,Ifugao
Hingyon,"9,795",−1.13%,62.02,149,12,Municipality,Ifugao
Hungduan,"9,933",−1.04%,260.3,36,9,Municipality,Ifugao
Kiangan,"15,837",1.41%,200,85,14,Municipality,Ifugao
Lagawe,"18,077",1.29%,208.91,93,20,Municipality,Ifugao
Lamut,"23,088",1.74%,159.65,158,18,Municipality,Ifugao
Mayoyao,"16,413",1.04%,238.05,73,27,Municipality,Ifugao
Tinoc,"14,147",3.04%,239.7,69,12,Municipality,Ifugao
Adams,"1,785",0.07%,159.31,11,1,Municipality,Ilocos Norte
Bacarra,"31,648",0.34%,65.32,493,43,Municipality,Ilocos Norte
Badoc,"30,708",0.56%,76.68,412,31,Municipality,Ilocos Norte
Bangui,"15,025",−0.45%,112.98,130,14,Municipality,Ilocos Norte
Banna (Espiritu),"19,051",0.38%,92.73,210,20,Municipality,Ilocos Norte
Batac,"53,542",0.58%,161.06,343,43,CC,Ilocos Norte
Burgos,"9,687",0.18%,128.9,76,11,Municipality,Ilocos Norte
Carasi,"1,473",1.18%,82.97,19,3,Municipality,Ilocos Norte
Currimao,"11,970",0.34%,34.08,358,23,Municipality,Ilocos Norte
Dingras,"37,021",0.78%,96,402,31,Municipality,Ilocos Norte
Dumalneg,"1,814",9.68%,88.48,33,2,Municipality,Ilocos Norte
Laoag,"104,904",1.10%,116.08,957,80,CC,Ilocos Norte
Marcos,"16,984",0.87%,72.77,244,13,Municipality,Ilocos Norte
Nueva Era,"7,837",3.74%,515.02,18,11,Municipality,Ilocos Norte
Pagudpud,"21,877",1.59%,194.9,122,16,Municipality,Ilocos Norte
Paoay,"23,956",0.71%,76.24,326,31,Municipality,Ilocos Norte
Pasuquin,"27,952",0.69%,210.54,138,33,Municipality,Ilocos Norte
Piddig,"20,606",0.81%,216.2,99,23,Municipality,Ilocos Norte
Pinili,"16,732",0.64%,89.48,193,25,Municipality,Ilocos Norte
San Nicolas,"34,237",1.35%,40.18,914,24,Municipality,Ilocos Norte
Sarrat,"24,770",0.34%,57.39,439,24,Municipality,Ilocos Norte
Solsona,"22,990",0.92%,166.23,145,22,Municipality,Ilocos Norte
Vintar,"31,448",0.46%,614.35,52,33,Municipality,Ilocos Norte
Alilem,"6,640",0.16%,119.33,56,9,Municipality,Ilocos Sur
Banayoyo,"7,694",0.13%,24.63,315,14,Municipality,Ilocos Sur
Bantay,"34,323",0.77%,76.6,466,34,Municipality,Ilocos Sur
Burgos,"11,679",0.87%,44.38,275,26,Municipality,Ilocos Sur
Cabugao,"35,706",0.94%,95.56,392,33,Municipality,Ilocos Sur
Candon,"57,884",0.88%,103.28,587,42,CC,Ilocos Sur
Caoayan,"18,551",1.31%,17.42,"1,140",17,Municipality,Ilocos Sur
Cervantes,"16,573",0.72%,234.7,73,13,Municipality,Ilocos Sur
Galimuyod,"10,011",1.36%,34.4,312,24,Municipality,Ilocos Sur
Gregorio del Pilar (Concepcion),"4,219",2.79%,41.66,117,7,Municipality,Ilocos Sur
Lidlidda,"4,398",1.05%,33.84,137,11,Municipality,Ilocos Sur
Magsingal,"28,302",1.62%,84.98,362,30,Municipality,Ilocos Sur
Nagbukel,"4,938",1.21%,43.12,122,12,Municipality,Ilocos Sur
Narvacan,"42,803",0.53%,122.21,360,34,Municipality,Ilocos Sur
Quirino (Angkaki),"8,535",0.08%,240.1,36,9,Municipality,Ilocos Sur
Salcedo (Baugen),"10,935",0.61%,103.44,109,21,Municipality,Ilocos Sur
San Emilio,"7,427",−0.05%,141.44,52,8,Municipality,Ilocos Sur
San Esteban,"8,072",0.64%,19.62,426,10,Municipality,Ilocos Sur
San Ildefonso,"7,075",1.84%,11.35,686,15,Municipality,Ilocos Sur
San Juan (Lapog),"25,199",0.90%,64.37,410,32,Municipality,Ilocos Sur
San Vicente,"11,720",1.63%,12.6,"1,013",7,Municipality,Ilocos Sur
Santa,"15,106",0.29%,109.1,141,26,Municipality,Ilocos Sur
Santa Catalina,"13,597",0.48%,9.68,"1,441",9,Municipality,Ilocos Sur
Santa Cruz,"37,911",0.96%,88.78,449,49,Municipality,Ilocos Sur
Santa Lucia,"24,981",0.32%,49.72,511,36,Municipality,Ilocos Sur
Santa Maria,"28,597",1.12%,63.31,479,33,Municipality,Ilocos Sur
Santiago,"17,958",0.83%,46.36,405,24,Municipality,Ilocos Sur
Santo Domingo,"27,596",0.26%,55.49,504,36,Municipality,Ilocos Sur
Sigay,"2,419",2.38%,81.55,34,7,Municipality,Ilocos Sur
Sinait,"25,427",0.16%,65.56,391,44,Municipality,Ilocos Sur
Sugpon,"3,820",3.54%,57.11,80,6,Municipality,Ilocos Sur
Suyo,"10,622",1.43%,124,92,8,Municipality,Ilocos Sur
Tagudin,"38,122",0.57%,151.19,260,43,Municipality,Ilocos Sur
Vigan,"49,747",1.53%,25.12,"2,145",39,CC,Ilocos Sur
Ajuy,"47,248",1.94%,175.57,298,34,Municipality,Iloilo
Alimodian,"37,484",0.46%,144.82,265,51,Municipality,Iloilo
Anilao,"27,486",0.82%,100.31,286,21,Municipality,Iloilo
Badiangan,"26,218",0.56%,77.5,348,31,Municipality,Iloilo
Balasan,"29,724",2.06%,54.27,610,23,Municipality,Iloilo
Banate,"29,543",1.85%,102.89,316,18,Municipality,Iloilo
Barotac Nuevo,"51,867",0.82%,94.49,573,29,Municipality,Iloilo
Barotac Viejo,"41,470",1.91%,185.78,247,26,Municipality,Iloilo
Batad,"19,385",1.81%,53.1,401,24,Municipality,Iloilo
Bingawan,"13,432",2.38%,85.2,178,14,Municipality,Iloilo
Cabatuan,"54,950",1.18%,112.9,518,68,Municipality,Iloilo
Calinog,"54,430",2.01%,274.55,220,59,Municipality,Iloilo
Carles,"62,690",1.61%,104.05,655,33,Municipality,Iloilo
Concepcion,"39,617",1.64%,86.12,501,25,Municipality,Iloilo
Dingle,"43,290",0.88%,98.37,461,33,Municipality,Iloilo
Dueñas,"33,671",0.32%,90.52,378,47,Municipality,Iloilo
Dumangas,"66,108",0.85%,128.7,537,45,Municipality,Iloilo
Estancia,"42,666",2.49%,29.38,"1,652",25,Municipality,Iloilo
Guimbal,"32,325",0.86%,44.61,758,33,Municipality,Iloilo
Igbaras,"31,347",0.40%,148.72,215,46,Municipality,Iloilo
Iloilo City,"424,619",1.03%,78.34,"5,719",180,HUC,Iloilo
Janiuay,"63,031",0.26%,179.1,357,60,Municipality,Iloilo
Lambunao,"69,023",1.24%,407.09,181,73,Municipality,Iloilo
Leganes,"29,438",1.89%,32.2,"1,009",18,Municipality,Iloilo
Lemery,"27,441",2.26%,119.9,257,31,Municipality,Iloilo
Leon,"47,522",0.92%,140.2,356,85,Municipality,Iloilo
Maasin,"35,069",0.99%,128.59,287,50,Municipality,Iloilo
Miagao,"64,545",0.87%,156.8,431,119,Municipality,Iloilo
Mina,"21,785",1.49%,43.4,543,22,Municipality,Iloilo
New Lucena,"22,174",0.90%,44.1,527,21,Municipality,Iloilo
Oton,"82,572",1.46%,86.44,"1,031",37,Municipality,Iloilo
Passi,"79,663",0.21%,251.39,320,51,CC,Iloilo
Pavia,"43,614",4.73%,27.15,"2,048",18,Municipality,Iloilo
Pototan,"70,955",1.08%,97.1,773,50,Municipality,Iloilo
San Dionisio,"33,650",2.74%,127.06,305,29,Municipality,Iloilo
San Enrique,"32,422",0.86%,110.28,307,28,Municipality,Iloilo
San Joaquin,"51,645",0.09%,234.84,221,85,Municipality,Iloilo
San Miguel,"25,013",1.95%,31.97,866,24,Municipality,Iloilo
San Rafael,"14,655",2.32%,67.05,247,9,Municipality,Iloilo
Santa Barbara,"55,472",1.57%,131.96,456,60,Municipality,Iloilo
Sara,"46,889",2.22%,169.02,311,42,Municipality,Iloilo
Tigbauan,"58,814",1.23%,83.68,749,52,Municipality,Iloilo
Tubungan,"21,540",0.79%,85.18,264,48,Municipality,Iloilo
Zarraga,"23,693",1.49%,54.48,470,24,Municipality,Iloilo
Alicia,"64,687",1.93%,154.1,464,34,Municipality,Isabela
Angadanan,"40,143",1.35%,204.4,211,59,Municipality,Isabela
Aurora,"33,045",1.11%,115.56,303,33,Municipality,Isabela
Benito Soliven,"27,337",1.54%,184.4,161,29,Municipality,Isabela
Burgos,"22,521",1.04%,73.1,325,14,Municipality,Isabela
Cabagan,"45,732",1.78%,430.4,117,26,Municipality,Isabela
Cabatuan,"37,299",1.06%,72,547,22,Municipality,Isabela
Cauayan,"122,335",1.09%,336.4,385,65,CC,Isabela
Cordon,"40,877",0.94%,144,298,26,Municipality,Isabela
Delfin Albano (Magsaysay),"25,422",0.88%,189,141,29,Municipality,Isabela
Dinapigue,"5,484",−1.73%,574.4,9,6,Municipality,Isabela
Divilacan,"5,034",2.35%,889.49,6,12,Municipality,Isabela
Echague,"74,680",1.10%,680.8,116,64,Municipality,Isabela
Gamu,"28,657",0.81%,129.4,231,16,Municipality,Isabela
Ilagan,"135,174",1.42%,"1,166.26",125,91,CC,Isabela
Jones,"44,218",0.62%,670.14,68,42,Municipality,Isabela
Luna,"18,091",1.27%,45.7,423,19,Municipality,Isabela
Maconacon,"3,615",3.14%,538.66,8,10,Municipality,Isabela
Mallig,"28,345",1.38%,133.4,228,18,Municipality,Isabela
Naguilian,"29,491",1.51%,169.81,188,25,Municipality,Isabela
Palanan,"16,094",1.34%,880.24,20,17,Municipality,Isabela
Quezon,"24,522",1.02%,189.9,136,15,Municipality,Isabela
Quirino,"22,285",1.82%,126.2,194,21,Municipality,Isabela
Ramon,"49,812",1.08%,135.17,390,19,Municipality,Isabela
Reina Mercedes,"23,497",2.68%,57.14,472,20,Municipality,Isabela
Roxas,"57,699",1.31%,184.8,334,26,Municipality,Isabela
San Agustin,"21,797",0.93%,278.4,82,23,Municipality,Isabela
San Guillermo,"18,423",1.77%,325.49,62,26,Municipality,Isabela
San Isidro,"22,758",1.70%,71.9,346,13,Municipality,Isabela
San Manuel (Callang),"30,407",0.91%,112.77,283,19,Municipality,Isabela
San Mariano,"51,438",1.41%,"1,469.50",38,36,Municipality,Isabela
San Mateo,"60,792",1.14%,120.6,535,33,Municipality,Isabela
San Pablo,"22,040",2.73%,637.9,40,17,Municipality,Isabela
Santa Maria,"22,939",1.95%,140,181,20,Municipality,Isabela
Santiago,"132,804",0.29%,255.5,528,37,ICC,Isabela
Santo Tomas,"21,688",1.13%,60.7,379,27,Municipality,Isabela
Tumauini,"58,463",2.82%,467.3,145,46,Municipality,Isabela
Balbalan,"12,082",0.18%,542.69,22,14,Municipality,Kalinga
Lubuagan,"9,369",−1.33%,234.2,37,9,Municipality,Kalinga
Pasil,"9,626",0.04%,189,51,14,Municipality,Kalinga
Pinukpuk,"29,596",1.51%,743.56,43,23,Municipality,Kalinga
Rizal (Liwan),"15,942",1.27%,231,74,14,Municipality,Kalinga
Tabuk,"103,912",1.20%,700.25,158,42,CC,Kalinga
Tanudan,"8,529",2.14%,307.55,31,16,Municipality,Kalinga
Tinglayan,"12,557",0.47%,283,45,20,Municipality,Kalinga
Agoo,"60,596",0.95%,52.84,"1,205",49,Municipality,La Union
Aringay,"44,949",1.04%,84.54,561,24,Municipality,La Union
Bacnotan,"40,307",0.82%,76.6,549,47,Municipality,La Union
Bagulin,"12,590",1.27%,107.33,125,10,Municipality,La Union
Balaoan,"37,910",0.63%,68.7,570,36,Municipality,La Union
Bangar,"34,522",0.77%,37.36,962,33,Municipality,La Union
Bauang,"70,735",1.13%,73.15,"1,026",39,Municipality,La Union
Burgos,"7,850",0.52%,70.8,114,12,Municipality,La Union
Caba,"21,244",0.70%,46.31,476,17,Municipality,La Union
Luna,"35,380",0.23%,42.9,835,40,Municipality,La Union
Naguilian,"48,407",2.18%,104.6,518,37,Municipality,La Union
Pugo,"16,518",3.40%,62.84,313,14,Municipality,La Union
Rosario,"52,679",0.98%,73.98,750,33,Municipality,La Union
San Fernando,"114,963",1.11%,102.72,"1,186",59,CC,La Union
San Gabriel,"16,628",1.71%,129.87,140,15,Municipality,La Union
San Juan,"35,098",1.11%,57.12,651,41,Municipality,La Union
Santo Tomas,"35,999",1.58%,64,611,24,Municipality,La Union
Santol,"12,007",0.73%,93.7,133,11,Municipality,La Union
Sudipen,"16,531",0.60%,97.59,175,17,Municipality,La Union
Tubao,"26,993",1.19%,50.75,566,18,Municipality,La Union
Alaminos,"43,526",1.82%,57.46,833,15,Municipality,Laguna
Bay,"55,698",2.11%,42.66,"1,457",15,Municipality,Laguna
Biñan,"283,396",3.12%,43.5,"7,656",24,CC,Laguna
Cabuyao,"248,436",4.22%,43.3,"7,130",18,CC,Laguna
Calamba,"389,377",2.99%,149.5,"3,040",54,CC,Laguna
Calauan,"74,890",1.37%,65.4,"1,230",17,Municipality,Laguna
Cavinti,"20,809",0.80%,203.58,107,19,Municipality,Laguna
Famy,"15,021",1.91%,53.06,313,20,Municipality,Laguna
Kalayaan,"20,944",2.02%,46.6,499,3,Municipality,Laguna
Liliw,"33,851",1.49%,39.1,936,33,Municipality,Laguna
Los Baños,"101,884",1.82%,54.22,"2,066",14,Municipality,Laguna
Luisiana,"20,148",−0.41%,73.31,269,23,Municipality,Laguna
Lumban,"29,470",0.75%,40.53,756,16,Municipality,Laguna
Mabitac,"18,618",1.88%,80.76,254,15,Municipality,Laguna
Magdalena,"22,976",1.83%,34.88,724,24,Municipality,Laguna
Majayjay,"26,547",0.88%,69.58,399,40,Municipality,Laguna
Nagcarlan,"59,726",1.04%,78.1,807,52,Municipality,Laguna
Paete,"23,523",1.24%,55.02,456,9,Municipality,Laguna
Pagsanjan,"39,313",1.34%,26.36,"1,600",16,Municipality,Laguna
Pakil,"20,822",−0.15%,46.5,444,13,Municipality,Laguna
Pangil,"23,201",0.86%,45.03,539,8,Municipality,Laguna
Pila,"46,534",1.49%,31.2,"1,612",17,Municipality,Laguna
Rizal,"15,518",2.04%,27.9,618,11,Municipality,Laguna
San Pablo,"248,890",1.28%,197.56,"1,347",80,CC,Laguna
San Pedro,"294,310",1.95%,24.05,"13,547",27,CC,Laguna
Santa Cruz,"110,943",1.12%,38.59,"3,048",26,Municipality,Laguna
Santa Maria,"26,839",2.67%,108.4,284,25,Municipality,Laguna
Santa Rosa,"284,670",4.22%,54.84,"6,451",18,CC,Laguna
Siniloan,"35,363",1.41%,64.51,590,20,Municipality,Laguna
Victoria,"34,604",2.46%,22.35,"1,759",9,Municipality,Laguna
Bacolod,"21,818",1.04%,104.1,221,16,Municipality,Lanao del Norte
Baloi,"50,387",2.84%,90.98,642,21,Municipality,Lanao del Norte
Baroy,"20,948",1.46%,72.35,312,23,Municipality,Lanao del Norte
Iligan,"322,821",1.14%,813.37,397,44,HUC,Lanao del Norte
Kapatagan,"53,916",2.96%,242.89,259,33,Municipality,Lanao del Norte
Kauswagan,"24,006",1.74%,60.37,435,13,Municipality,Lanao del Norte
Kolambugan,"26,445",0.40%,134.55,201,26,Municipality,Lanao del Norte
Lala,"65,355",0.68%,140.25,483,27,Municipality,Lanao del Norte
Linamon,"17,484",2.92%,76.38,266,8,Municipality,Lanao del Norte
Magsaysay,"16,442",2.81%,151.83,125,24,Municipality,Lanao del Norte
Maigo,"20,131",1.41%,121.45,178,13,Municipality,Lanao del Norte
Matungao,"12,217",2.59%,45.74,306,12,Municipality,Lanao del Norte
Munai,"27,600",3.44%,197.5,167,26,Municipality,Lanao del Norte
Nunungan,"16,304",2.29%,473.28,39,25,Municipality,Lanao del Norte
Pantao Ragat,"23,122",3.62%,124.3,224,20,Municipality,Lanao del Norte
Pantar,"18,440",3.21%,70.4,309,21,Municipality,Lanao del Norte
Poona Piagapo,"23,451",2.73%,260.07,104,26,Municipality,Lanao del Norte
Salvador,"27,348",2.94%,113.99,279,25,Municipality,Lanao del Norte
Sapad,"19,479",1.72%,140.03,152,17,Municipality,Lanao del Norte
Sultan Naga Dimaporo (Karomatan),"52,430",1.52%,230.99,246,37,Municipality,Lanao del Norte
Tagoloan,"11,674",2.44%,69.7,190,7,Municipality,Lanao del Norte
Tangcal,"12,588",3.63%,178.62,85,18,Municipality,Lanao del Norte
Tubod,"46,332",0.34%,246.8,191,24,Municipality,Lanao del Norte
Amai Manabilang (Bumbaran),"8,734",3.38%,544.1,19,17,Municipality,Lanao del Sur
Bacolod-Kalawi (Bacolod-Grande),"18,555",2.24%,491.57,42,26,Municipality,Lanao del Sur
Balabagan,"25,139",1.24%,230,117,27,Municipality,Lanao del Sur
Balindong (Watu),"26,007",2.22%,453.94,64,38,Municipality,Lanao del Sur
Bayang,"21,472",2.11%,230,104,49,Municipality,Lanao del Sur
Binidayan,"19,493",2.40%,280,79,26,Municipality,Lanao del Sur
Buadiposo-Buntong,"15,662",0.56%,215,75,33,Municipality,Lanao del Sur
Bubong,"19,455",2.66%,798.5,28,36,Municipality,Lanao del Sur
Butig,"16,642",2.86%,331.49,58,16,Municipality,Lanao del Sur
Calanogas,"11,988",2.65%,195,71,17,Municipality,Lanao del Sur
Ditsaan-Ramain,"20,208",1.89%,527.98,42,35,Municipality,Lanao del Sur
Ganassi,"20,205",2.51%,256,90,32,Municipality,Lanao del Sur
Kapai,"17,370",1.61%,398.5,47,20,Municipality,Lanao del Sur
Kapatagan,"13,432",2.79%,288.13,54,15,Municipality,Lanao del Sur
Lumba-Bayabao (Maguing),"32,412",2.10%,640.02,56,38,Municipality,Lanao del Sur
Lumbaca-Unayan,"6,279",2.80%,42.28,172,9,Municipality,Lanao del Sur
Lumbatan,"16,719",2.57%,158.39,121,21,Municipality,Lanao del Sur
Lumbayanague,"14,308",2.60%,302.18,54,22,Municipality,Lanao del Sur
Madalum,"20,243",2.57%,498.39,46,37,Municipality,Lanao del Sur
Madamba,"15,542",2.57%,225,79,24,Municipality,Lanao del Sur
Maguing,"21,444",2.59%,815.04,30,34,Municipality,Lanao del Sur
Malabang,"38,724",2.44%,198.1,222,37,Municipality,Lanao del Sur
Marantao,"28,550",2.78%,660,50,34,Municipality,Lanao del Sur
Marawi,"187,106",1.45%,87.55,"2,305",96,CC,Lanao del Sur
Marogong,"18,541",2.69%,365,58,24,Municipality,Lanao del Sur
Masiu,"25,181",2.84%,170,172,35,Municipality,Lanao del Sur
Mulondo,"14,065",2.57%,458.67,35,26,Municipality,Lanao del Sur
Pagayawan (Tatarikan),"11,349",2.83%,218,60,18,Municipality,Lanao del Sur
Piagapo,"21,974",2.83%,340.07,75,37,Municipality,Lanao del Sur
Picong (Sultan Gumander),"14,136",3.12%,280,59,19,Municipality,Lanao del Sur
Poona Bayabao (Gata),"19,229",2.80%,242.34,92,25,Municipality,Lanao del Sur
Pualas,"11,163",2.74%,182.89,70,23,Municipality,Lanao del Sur
Saguiaran,"22,673",1.58%,51.35,479,30,Municipality,Lanao del Sur
Sultan Dumalondong,"10,522",1.36%,275.8,41,7,Municipality,Lanao del Sur
Tagoloan II,"9,843",2.44%,362.35,31,19,Municipality,Lanao del Sur
Tamparan,"22,367",2.81%,170,152,44,Municipality,Lanao del Sur
Taraka,"20,881",2.39%,435.4,54,43,Municipality,Lanao del Sur
Tubaran,"12,933",2.53%,435,34,21,Municipality,Lanao del Sur
Tugaya,"22,235",1.31%,155.1,154,23,Municipality,Lanao del Sur
Wao,"40,479",2.41%,485.24,95,26,Municipality,Lanao del Sur
Abuyog,"57,146",0.79%,688.25,87,63,Municipality,Leyte
Alangalang,"46,411",3.37%,150.54,367,54,Municipality,Leyte
Albuera,"40,553",2.57%,303.35,153,16,Municipality,Leyte
Babatngon,"25,575",1.60%,115.18,241,25,Municipality,Leyte
Barugo,"30,092",1.62%,84.62,387,37,Municipality,Leyte
Bato,"35,610",1.42%,72.45,529,32,Municipality,Leyte
Baybay,"102,841",1.19%,459.34,238,92,CC,Leyte
Burauen,"48,853",1.47%,265.33,199,77,Municipality,Leyte
Calubian,"29,619",1.01%,100.95,309,53,Municipality,Leyte
Capoocan,"29,834",2.30%,185.4,181,21,Municipality,Leyte
Carigara,"47,444",1.52%,117.86,436,49,Municipality,Leyte
Dagami,"31,490",2.11%,161.65,217,65,Municipality,Leyte
Dulag,"41,757",2.40%,110.7,427,45,Municipality,Leyte
Hilongos,"56,803",2.12%,192.92,329,51,Municipality,Leyte
Hindang,"20,179",0.69%,50.04,418,20,Municipality,Leyte
Inopacan,"19,904",0.61%,94.62,217,20,Municipality,Leyte
Isabel,"43,593",1.41%,64.01,733,24,Municipality,Leyte
Jaro,"39,577",1.68%,207.19,208,46,Municipality,Leyte
Javier (Bugho),"23,878",1.17%,152.7,166,28,Municipality,Leyte
Julita,"13,307",2.45%,53.3,284,26,Municipality,Leyte
Kananga,"48,027",3.17%,144.2,392,23,Municipality,Leyte
La Paz,"19,133",0.85%,72.7,275,35,Municipality,Leyte
Leyte,"37,505",1.54%,181.26,224,30,Municipality,Leyte
MacArthur,"18,724",2.40%,57.57,368,31,Municipality,Leyte
Mahaplag,"26,599",0.86%,104.79,266,28,Municipality,Leyte
Matag-ob,"17,089",1.39%,104.4,176,21,Municipality,Leyte
Matalom,"31,097",1.21%,132,251,30,Municipality,Leyte
Mayorga,"14,694",3.00%,42.17,407,16,Municipality,Leyte
Merida,"27,224",1.78%,95.21,314,22,Municipality,Leyte
Ormoc,"191,200",2.26%,613.6,350,110,ICC,Leyte
Palo,"62,727",2.13%,221.27,317,33,Municipality,Leyte
Palompon,"54,163",1.35%,126.07,461,50,Municipality,Leyte
Pastrana,"16,649",1.50%,86.35,208,29,Municipality,Leyte
San Isidro,"28,554",1.97%,122.5,258,19,Municipality,Leyte
San Miguel,"17,561",1.93%,145.11,134,21,Municipality,Leyte
Santa Fe,"17,427",3.08%,53.97,379,20,Municipality,Leyte
Tabango,"31,932",1.31%,96.62,354,13,Municipality,Leyte
Tabontabon,"9,838",2.51%,24.18,463,16,Municipality,Leyte
Tacloban,"221,174",1.74%,201.72,"1,200",138,HUC,Leyte
Tanauan,"50,119",1.79%,78.41,702,54,Municipality,Leyte
Tolosa,"17,921",3.04%,22.54,931,15,Municipality,Leyte
Tunga,"6,516",2.93%,7.7,985,8,Municipality,Leyte
Villaba,"38,819",1.46%,150.31,279,35,Municipality,Leyte
Ampatuan,"17,800",6.52%,255.4,97,11,Municipality,Maguindanao
Barira,"19,686",8.35%,392.61,76,14,Municipality,Maguindanao
Buldon,"33,729",0.86%,429.4,82,15,Municipality,Maguindanao
Buluan,"38,106",5.31%,699.5,71,7,Municipality,Maguindanao
Cotabato City,"271,786",1.86%,176,"1,701",37,ICC,Maguindanao
Datu Abdullah Sangki,"17,079",6.59%,220,109,10,Municipality,Maguindanao
Datu Anggal Midtimbang,"13,339",12.72%,85.43,293,7,Municipality,Maguindanao
Datu Blah T. Sinsuat,"16,533",8.21%,147.21,170,13,Municipality,Maguindanao
Datu Hoffer Ampatuan,"16,295",8.50%,461.1,54,11,Municipality,Maguindanao
Datu Montawal (Pagagawan),"31,265",2.07%,461.1,76,11,Municipality,Maguindanao
Datu Odin Sinsuat (Dinaig),"76,332",5.12%,461.8,215,34,Municipality,Maguindanao
Datu Paglas,"20,290",6.60%,132.1,215,23,Municipality,Maguindanao
Datu Piang (Dulawan),"28,492",−2.02%,302.97,84,16,Municipality,Maguindanao
Datu Salibo,"15,062",−0.15%,22.56,643,17,Municipality,Maguindanao
Datu Saudi-Ampatuan,"20,330",5.12%,60.16,439,8,Municipality,Maguindanao
Datu Unsay,"12,490",−1.06%,95.39,124,8,Municipality,Maguindanao
General Salipada K. Pendatun,"24,004",3.05%,189.37,148,19,Municipality,Maguindanao
Guindulungan,"16,071",4.16%,130.68,152,11,Municipality,Maguindanao
Kabuntalan (Tumbao),"16,794",0.54%,371.08,47,17,Municipality,Maguindanao
Mamasapano,"22,354",2.00%,85.31,291,14,Municipality,Maguindanao
Mangudadatu,"14,864",10.44%,98.16,255,8,Municipality,Maguindanao
Matanog,"23,269",4.80%,146.5,203,8,Municipality,Maguindanao
Northern Kabuntalan,"14,251",11.49%,106.77,236,11,Municipality,Maguindanao
Pagalungan,"31,891",4.24%,898.76,44,12,Municipality,Maguindanao
Paglat,"11,207",6.91%,177.74,90,8,Municipality,Maguindanao
Pandag,"13,795",12.04%,85.31,294,8,Municipality,Maguindanao
Parang,"73,328",3.80%,850.78,105,25,Municipality,Maguindanao
Rajah Buayan,"17,423",5.99%,71.98,329,11,Municipality,Maguindanao
Shariff Aguak (Maganoy),"34,376",−1.54%,392.7,81,13,Municipality,Maguindanao
Shariff Saydona Mustapha,"16,442",3.66%,101,197,16,Municipality,Maguindanao
South Upi,"35,990",2.12%,184.8,217,11,Municipality,Maguindanao
Sultan Kudarat (Nuling),"82,758",2.70%,712.91,134,39,Municipality,Maguindanao
Sultan Mastura,"21,712",0.48%,242.07,92,13,Municipality,Maguindanao
Sultan sa Barongis (Lambayong),"22,547",−0.10%,291.3,77,12,Municipality,Maguindanao
Sultan Sumagka (Talitay),"13,328",2.10%,62.96,236,9,Municipality,Maguindanao
Talayan,"16,042",12.68%,143.84,209,15,Municipality,Maguindanao
Upi,"45,444",3.19%,742.95,72,23,Municipality,Maguindanao
Boac,"52,892",0.65%,212.7,257,61,Municipality,Marinduque
Buenavista,"23,111",0.71%,81.25,295,15,Municipality,Marinduque
Gasan,"33,402",0.80%,100.88,345,25,Municipality,Marinduque
Mogpog,"33,384",0.37%,108.06,315,37,Municipality,Marinduque
Santa Cruz,"55,673",0.25%,270.77,208,55,Municipality,Marinduque
Torrijos,"29,366",0.74%,178.92,171,25,Municipality,Marinduque
Aroroy,"76,139",2.38%,440.3,196,41,Municipality,Masbate
Baleno,"24,401",1.29%,204.38,128,24,Municipality,Masbate
Balud,"35,841",1.18%,231,165,32,Municipality,Masbate
Batuan,"13,764",1.76%,56.28,268,14,Municipality,Masbate
Cataingan,"49,078",0.48%,191.64,263,36,Municipality,Masbate
Cawayan,"63,115",1.15%,260.19,258,37,Municipality,Masbate
Claveria,"41,572",0.95%,182.98,239,22,Municipality,Masbate
Dimasalang,"25,245",0.70%,148.07,177,20,Municipality,Masbate
Esperanza,"17,357",1.29%,67.49,275,20,Municipality,Masbate
Mandaon,"38,161",1.50%,280.8,147,26,Municipality,Masbate
Masbate City,"85,227",2.17%,188,507,30,CC,Masbate
Milagros,"52,619",1.69%,565.3,102,27,Municipality,Masbate
Mobo,"34,896",2.05%,143.47,271,29,Municipality,Masbate
Monreal,"25,366",0.92%,128.67,207,11,Municipality,Masbate
Palanas,"25,501",0.53%,171.1,153,24,Municipality,Masbate
Pio V. Corpuz (Limbuhan),"23,292",−0.05%,89.33,260,18,Municipality,Masbate
Placer,"55,438",0.13%,193.03,289,35,Municipality,Masbate
San Fernando,"21,309",1.51%,77.5,298,26,Municipality,Masbate
San Jacinto,"27,974",1.58%,122.4,248,21,Municipality,Masbate
San Pascual,"44,753",0.80%,246.65,189,22,Municipality,Masbate
Uson,"53,602",0.89%,163.2,344,35,Municipality,Masbate
Aloran,"26,630",0.70%,118.06,234,38,Municipality,Misamis Occidental
Baliangao,"16,155",1.08%,81.72,209,15,Municipality,Misamis Occidental
Bonifacio,"30,904",0.87%,155.02,209,28,Municipality,Misamis Occidental
Calamba,"21,005",0.60%,104.64,207,19,Municipality,Misamis Occidental
Clarin,"35,573",1.03%,84.5,444,29,Municipality,Misamis Occidental
Concepcion,"7,410",7.69%,61.6,178,18,Municipality,Misamis Occidental
Don Victoriano Chiongbian (Don Mariano Marcos),"9,774",0.78%,284.6,36,11,Municipality,Misamis Occidental
Jimenez,"25,234",1.76%,81.43,340,24,Municipality,Misamis Occidental
Lopez Jaena,"23,767",1.01%,94.7,265,28,Municipality,Misamis Occidental
Oroquieta,"68,945",0.50%,237.88,297,47,CC,Misamis Occidental
Ozamiz,"131,527",1.45%,169.95,835,51,CC,Misamis Occidental
Panaon,"10,176",0.06%,46.8,218,16,Municipality,Misamis Occidental
Plaridel,"35,251",1.89%,80,486,33,Municipality,Misamis Occidental
Sapang Dalaga,"19,431",0.53%,93.93,213,28,Municipality,Misamis Occidental
Sinacaban,"18,597",−0.21%,99.09,186,17,Municipality,Misamis Occidental
Tangub,"59,892",0.97%,162.78,387,55,CC,Misamis Occidental
Tudela,"27,371",1.06%,98.52,294,33,Municipality,Misamis Occidental
Alubijid,"26,648",2.10%,85.56,347,16,Municipality,Misamis Oriental
Balingasag,"65,876",0.34%,147.11,456,30,Municipality,Misamis Oriental
Balingoan,"10,175",1.58%,57.8,191,9,Municipality,Misamis Oriental
Binuangan,"6,765",2.02%,30.43,247,8,Municipality,Misamis Oriental
Cagayan de Oro,"602,088",2.23%,412.8,"1,637",80,HUC,Misamis Oriental
Claveria,"44,544",1.79%,579.63,84,24,Municipality,Misamis Oriental
El Salvador,"44,848",2.17%,106.15,473,15,CC,Misamis Oriental
Gingoog,"117,908",1.06%,568.44,219,79,CC,Misamis Oriental
Gitagum,"16,098",0.32%,43.4,377,11,Municipality,Misamis Oriental
Initao,"29,331",1.89%,111.27,291,16,Municipality,Misamis Oriental
Jasaan,"50,121",1.60%,77.02,707,15,Municipality,Misamis Oriental
Kinoguitan,"12,761",2.32%,42.56,338,15,Municipality,Misamis Oriental
Lagonglong,"19,303",2.22%,83.78,259,10,Municipality,Misamis Oriental
Laguindingan,"21,822",2.15%,44.23,552,11,Municipality,Misamis Oriental
Libertad,"11,586",1.23%,22.47,550,9,Municipality,Misamis Oriental
Lugait,"18,639",1.12%,27.45,720,8,Municipality,Misamis Oriental
Magsaysay (Linugos),"33,047",0.88%,143.14,242,25,Municipality,Misamis Oriental
Manticao,"26,786",1.14%,123.01,231,13,Municipality,Misamis Oriental
Medina,"31,154",1.05%,148.29,222,19,Municipality,Misamis Oriental
Naawan,"18,895",2.23%,88.5,240,10,Municipality,Misamis Oriental
Opol,"52,108",3.21%,175.13,351,14,Municipality,Misamis Oriental
Salay,"27,591",0.76%,92.79,309,18,Municipality,Misamis Oriental
Sugbongcogon,"8,745",1.02%,26.5,348,10,Municipality,Misamis Oriental
Tagoloan,"63,850",2.62%,117.73,621,10,Municipality,Misamis Oriental
Talisayan,"23,289",0.97%,140.33,175,18,Municipality,Misamis Oriental
Villanueva,"31,966",4.05%,48.8,807,11,Municipality,Misamis Oriental
Barlig,"5,838",−3.59%,228.64,21,11,Municipality,Mountain Province
Bauko,"30,172",0.56%,153,203,22,Municipality,Mountain Province
Besao,"7,818",−1.98%,173.62,41,14,Municipality,Mountain Province
Bontoc,"23,980",0.52%,396.1,62,16,Municipality,Mountain Province
Natonin,"10,048",0.42%,252,41,11,Municipality,Mountain Province
Paracelis,"26,476",1.15%,570.16,49,9,Municipality,Mountain Province
Sabangan,"8,741",1.22%,72.04,129,15,Municipality,Mountain Province
Sadanga,"9,181",−0.81%,83.3,106,8,Municipality,Mountain Province
Sagada,"11,244",−0.20%,83.32,134,19,Municipality,Mountain Province
Tadian,"20,689",−1.23%,145.2,134,19,Municipality,Mountain Province
Caloocan,"1,489,040",1.18%,53.20[11],"29,774",188,HUC,NCR
Las Piñas,"552,573",1.22%,32.02[11],"18,391",20,HUC,NCR
Makati,"529,039",1.85%,21.73[11],"26,811",33,HUC,NCR
Malabon,"353,337",0.65%,15.96[11],"22,903",21,HUC,NCR
Mandaluyong,"328,699",3.12%,11.06[11],"34,925",27,HUC,NCR
Manila,"1,652,171",1.43%,42.88[11],"41,515",897,HUC,NCR
Marikina,"424,150",1.16%,22.64[11],"19,909",16,HUC,NCR
Muntinlupa,"459,941",1.78%,41.67[11],"12,107",9,HUC,NCR
Navotas,"249,131",0.03%,11.51[11],"21,674",14,HUC,NCR
Parañaque,"588,126",2.39%,47.28[11],"14,083",16,HUC,NCR
Pasay,"392,869",1.12%,18.64[11],"22,346",201,HUC,NCR
Pasig,"669,773",2.31%,31.46[11],"24,008",30,HUC,NCR
Pateros,"64,147",−0.09%,1.76[11],"36,273",10,Municipality,NCR
Quezon City,"2,761,720",1.17%,165.33[11],"17,759",142,HUC,NCR
San Juan,"121,430",0.12%,5.87[11],"20,814",21,HUC,NCR
Taguig,"644,473",4.32%,45.18[11],"17,816",28,HUC,NCR
Valenzuela,"575,356",1.45%,45.75[11],"13,561",33,HUC,NCR
Bacolod,"511,820",1.79%,162.67,"3,454",61,HUC,Negros Occidental
Bago,"163,045",0.91%,401.2,426,24,CC,Negros Occidental
Binalbagan,"65,431",0.53%,189.96,354,16,Municipality,Negros Occidental
Cadiz,"151,500",0.40%,524.57,295,22,CC,Negros Occidental
Calatrava,"79,009",0.39%,504.5,160,40,Municipality,Negros Occidental
Candoni,"21,336",0.40%,191.7,114,9,Municipality,Negros Occidental
Cauayan,"96,921",1.01%,520,196,25,Municipality,Negros Occidental
Enrique B. Magalona (Saravia),"59,434",1.09%,113.25,556,23,Municipality,Negros Occidental
Escalante,"93,005",0.22%,192.76,488,21,CC,Negros Occidental
Himamaylan,"103,006",0.71%,367.04,291,19,CC,Negros Occidental
Hinigaran,"81,925",0.84%,154.92,553,24,Municipality,Negros Occidental
Hinoba-an (Asia),"54,624",0.75%,414.5,137,13,Municipality,Negros Occidental
Ilog,"54,423",1.02%,281.7,204,15,Municipality,Negros Occidental
Isabela,"59,523",0.82%,178.76,348,30,Municipality,Negros Occidental
Kabankalan,"167,666",1.57%,697.35,261,32,CC,Negros Occidental
La Carlota,"63,852",0.18%,137.29,470,14,CC,Negros Occidental
La Castellana,"71,013",1.01%,185.22,404,13,Municipality,Negros Occidental
Manapla,"52,687",0.77%,112.86,486,12,Municipality,Negros Occidental
Moises Padilla (Magallon),"39,257",1.01%,144.1,287,15,Municipality,Negros Occidental
Murcia,"75,207",1.49%,279.14,291,23,Municipality,Negros Occidental
Pontevedra,"47,945",1.51%,112.5,461,20,Municipality,Negros Occidental
Pulupandan,"25,350",1.73%,23,"1,206",20,Municipality,Negros Occidental
Sagay,"140,740",0.74%,330.34,443,25,CC,Negros Occidental
Salvador Benedicto,"23,624",1.59%,170.5,151,7,Municipality,Negros Occidental
San Carlos,"129,981",0.37%,451.5,294,18,CC,Negros Occidental
San Enrique,"23,189",0.58%,28.84,829,10,Municipality,Negros Occidental
Silay,"120,999",0.92%,214.8,591,16,CC,Negros Occidental
Sipalay,"67,403",0.74%,379.78,185,17,CC,Negros Occidental
Talisay,"97,571",0.89%,201.18,508,27,CC,Negros Occidental
Toboso,"41,658",0.21%,117.33,359,9,Municipality,Negros Occidental
Valladolid,"36,416",0.73%,48.03,788,16,Municipality,Negros Occidental
Victorias,"88,299",−0.08%,133.92,657,26,CC,Negros Occidental
Amlan (Ayuquitan),"22,206",1.19%,111.85,211,8,Municipality,Negros Oriental
Ayungon,"46,146",0.06%,265.1,175,24,Municipality,Negros Oriental
Bacong,"32,286",2.38%,40.3,906,22,Municipality,Negros Oriental
Bais,"74,722",0.40%,319.64,239,35,CC,Negros Oriental
Basay,"24,913",1.23%,162,164,10,Municipality,Negros Oriental
Bindoy (Payabon),"39,416",0.19%,173.7,229,22,Municipality,Negros Oriental
Dauin,"25,239",1.85%,114.1,244,23,Municipality,Negros Oriental
Dumaguete,"120,883",1.60%,33.62,"3,908",30,CC,Negros Oriental
Jimalalud,"29,044",1.21%,139.5,222,28,Municipality,Negros Oriental
La Libertad,"38,904",−0.15%,139.6,277,29,Municipality,Negros Oriental
Manjuyod,"41,107",0.56%,264.6,160,27,Municipality,Negros Oriental
Pamplona,"34,906",1.42%,202.2,186,16,Municipality,Negros Oriental
San Jose,"19,098",1.28%,54.46,375,14,Municipality,Negros Oriental
Santa Catalina,"73,306",0.63%,523.1,145,22,Municipality,Negros Oriental
Siaton,"73,285",1.12%,335.9,231,26,Municipality,Negros Oriental
Sibulan,"51,519",2.77%,163,365,15,Municipality,Negros Oriental
Tayasan,"34,609",0.47%,154.2,230,28,Municipality,Negros Oriental
Valencia (Luzurriaga),"31,477",1.96%,147.49,236,24,Municipality,Negros Oriental
Vallehermoso,"36,943",0.67%,101.25,378,15,Municipality,Negros Oriental
Zamboanguita,"24,996",1.87%,85.86,321,10,Municipality,Negros Oriental
Allen,"23,738",1.35%,47.6,535,20,Municipality,Northern Samar
Biri,"10,987",1.31%,24.62,478,8,Municipality,Northern Samar
Bobon,"20,956",2.34%,130,182,18,Municipality,Northern Samar
Capul,"12,659",0.03%,35.56,357,12,Municipality,Northern Samar
Catarman,"84,833",1.98%,464.43,202,55,Municipality,Northern Samar
Catubig,"31,723",0.77%,214.99,154,47,Municipality,Northern Samar
Gamay,"22,425",0.90%,115.1,204,26,Municipality,Northern Samar
Laoang,"58,037",1.07%,246.94,248,56,Municipality,Northern Samar
Lapinig,"11,744",1.98%,57.3,227,15,Municipality,Northern Samar
Las Navas,"36,539",0.72%,282.61,134,53,Municipality,Northern Samar
Lavezares,"27,464",0.89%,119.5,241,26,Municipality,Northern Samar
Lope de Vega,"13,542",1.56%,280,52,22,Municipality,Northern Samar
Mapanas,"12,423",2.34%,117.85,119,13,Municipality,Northern Samar
Mondragon,"35,318",1.77%,288.9,134,24,Municipality,Northern Samar
Palapag,"33,453",0.47%,179.6,191,32,Municipality,Northern Samar
Pambujan,"31,057",1.20%,163.9,202,26,Municipality,Northern Samar
Rosario,"10,214",0.56%,31.6,333,11,Municipality,Northern Samar
San Antonio,"8,877",0.39%,27,335,10,Municipality,Northern Samar
San Isidro,"24,952",1.26%,255.9,104,14,Municipality,Northern Samar
San Jose,"16,079",1.69%,29.85,588,16,Municipality,Northern Samar
San Roque,"26,323",2.90%,152.98,200,16,Municipality,Northern Samar
San Vicente,"7,447",1.02%,15.8,497,7,Municipality,Northern Samar
Silvino Lobos,"14,303",1.29%,224.2,68,26,Municipality,Northern Samar
Victoria,"13,920",1.20%,186.7,79,16,Municipality,Northern Samar
Aliaga,"57,805",1.82%,90.04,706,26,Municipality,Nueva Ecija
Bongabon,"59,343",1.50%,286.95,224,28,Municipality,Nueva Ecija
Cabanatuan,"272,676",1.98%,192.29,"1,572",89,CC,Nueva Ecija
Cabiao,"72,081",1.76%,111.83,706,23,Municipality,Nueva Ecija
Carranglan,"37,124",1.97%,705.31,58,17,Municipality,Nueva Ecija
Cuyapo,"59,396",1.74%,215.73,301,51,Municipality,Nueva Ecija
Gabaldon (Bitulok & Sabani),"32,246",1.78%,242.88,146,16,Municipality,Nueva Ecija
Gapan,"101,488",1.60%,164.44,671,23,CC,Nueva Ecija
General Mamerto Natividad,"36,720",2.43%,118,353,20,Municipality,Nueva Ecija
General Tinio (Papaya),"42,634",2.23%,533.08,90,13,Municipality,Nueva Ecija
Guimba,"104,894",2.37%,245.29,484,64,Municipality,Nueva Ecija
Jaen,"67,057",1.68%,85.46,856,27,Municipality,Nueva Ecija
Laur,"32,205",1.96%,295.88,121,17,Municipality,Nueva Ecija
Licab,"26,187",1.46%,67.37,419,11,Municipality,Nueva Ecija
Llanera,"36,200",1.77%,114.44,347,22,Municipality,Nueva Ecija
Lupao,"40,931",1.29%,121.33,361,24,Municipality,Nueva Ecija
Muñoz,"75,462",1.47%,163.05,500,37,CC,Nueva Ecija
Nampicuan,"13,303",2.25%,52.6,284,21,Municipality,Nueva Ecija
Palayan,"37,219",1.88%,101.4,405,19,CC,Nueva Ecija
Pantabangan,"27,353",1.73%,392.56,76,14,Municipality,Nueva Ecija
Peñaranda,"27,410",1.66%,95,315,10,Municipality,Nueva Ecija
Quezon,"36,660",1.96%,68.53,592,16,Municipality,Nueva Ecija
Rizal,"57,145",2.21%,120.55,532,26,Municipality,Nueva Ecija
San Antonio,"73,074",1.21%,153.56,507,16,Municipality,Nueva Ecija
San Isidro,"47,800",1.47%,56.49,914,9,Municipality,Nueva Ecija
San Jose,"129,424",1.47%,185.99,751,38,CC,Nueva Ecija
San Leonardo,"58,120",2.24%,151.9,430,15,Municipality,Nueva Ecija
Santa Rosa,"64,503",1.42%,147.15,472,33,Municipality,Nueva Ecija
Santo Domingo,"50,983",2.47%,74.88,774,24,Municipality,Nueva Ecija
Talavera,"112,515",2.00%,140.92,886,53,Municipality,Nueva Ecija
Talugtug,"21,291",2.16%,93.95,254,28,Municipality,Nueva Ecija
Zaragoza,"44,124",2.17%,72.02,686,19,Municipality,Nueva Ecija
Alfonso Castañeda,"7,428",1.28%,375.4,21,6,Municipality,Nueva Vizcaya
Ambaguio,"13,452",2.42%,156.26,98,8,Municipality,Nueva Vizcaya
Aritao,"37,115",0.06%,265.6,140,22,Municipality,Nueva Vizcaya
Bagabag,"35,462",0.02%,183.9,193,17,Municipality,Nueva Vizcaya
Bambang,"47,657",2.20%,345,155,25,Municipality,Nueva Vizcaya
Bayombong,"57,416",1.32%,136,452,25,Municipality,Nueva Vizcaya
Diadi,"16,484",1.82%,181.2,100,19,Municipality,Nueva Vizcaya
Dupax del Norte,"25,697",1.31%,347.3,79,15,Municipality,Nueva Vizcaya
Dupax del Sur,"18,146",0.99%,374.7,51,19,Municipality,Nueva Vizcaya
Kasibu,"33,379",2.35%,318.8,118,30,Municipality,Nueva Vizcaya
Kayapa,"21,453",1.93%,482.9,49,30,Municipality,Nueva Vizcaya
Quezon,"19,385",1.59%,187.5,112,12,Municipality,Nueva Vizcaya
Santa Fe (Imugan),"14,427",2.21%,399.81,40,16,Municipality,Nueva Vizcaya
Solano,"56,134",1.12%,139.8,426,22,Municipality,Nueva Vizcaya
Villaverde (Ibung),"17,720",0.83%,81.5,227,9,Municipality,Nueva Vizcaya
Abra de Ilog,"29,225",1.32%,533.7,59,9,Municipality,Occidental Mindoro
Calintaan,"28,148",1.11%,382.5,78,7,Municipality,Occidental Mindoro
Looc,"9,758",0.69%,132.3,76,9,Municipality,Occidental Mindoro
Lubang,"23,068",−3.82%,113.1,166,16,Municipality,Occidental Mindoro
Magsaysay,"31,969",2.30%,296.7,121,12,Municipality,Occidental Mindoro
Mamburao,"39,237",1.75%,283.51,152,15,Municipality,Occidental Mindoro
Paluan,"15,223",0.98%,564.5,28,12,Municipality,Occidental Mindoro
Rizal,"34,458",2.01%,242.5,158,11,Municipality,Occidental Mindoro
Sablayan,"76,153",1.69%,"2,188.80",38,22,Municipality,Occidental Mindoro
San Jose,"131,188",1.71%,446.7,321,38,Municipality,Occidental Mindoro
Santa Cruz,"34,544",1.57%,681.4,55,11,Municipality,Occidental Mindoro
Baco,"35,060",1.14%,216.23,172,27,Municipality,Oriental Mindoro
Bansud,"38,341",1.28%,343.47,119,13,Municipality,Oriental Mindoro
Bongabong,"66,569",1.52%,498.2,145,36,Municipality,Oriental Mindoro
Bulalacao (San Pedro),"33,754",2.84%,321.86,122,15,Municipality,Oriental Mindoro
Calapan,"124,173",1.45%,250.06,535,62,CC,Oriental Mindoro
Gloria,"42,012",1.35%,245.52,184,27,Municipality,Oriental Mindoro
Mansalay,"51,705",1.02%,446.62,122,17,Municipality,Oriental Mindoro
Naujan,"94,497",1.65%,503.1,205,70,Municipality,Oriental Mindoro
Pinamalayan,"81,666",1.03%,282.26,305,37,Municipality,Oriental Mindoro
Pola,"32,984",0.97%,159.34,218,23,Municipality,Oriental Mindoro
Puerto Galera,"32,521",2.28%,247.85,148,13,Municipality,Oriental Mindoro
Roxas,"49,854",1.24%,85.26,624,20,Municipality,Oriental Mindoro
San Teodoro,"15,810",2.40%,341,53,8,Municipality,Oriental Mindoro
Socorro,"38,348",0.37%,151.38,258,26,Municipality,Oriental Mindoro
Victoria,"48,308",0.85%,146.23,345,32,Municipality,Oriental Mindoro
Aborlan,"32,209",1.65%,807.33,43,19,Municipality,Palawan
Agutaya,"11,906",1.00%,37.31,336,10,Municipality,Palawan
Araceli,"14,113",1.05%,204.3,73,13,Municipality,Palawan
Balabac,"35,758",2.23%,581.6,69,20,Municipality,Palawan
Bataraza,"63,644",3.30%,726.2,104,22,Municipality,Palawan
Brooke's Point,"61,301",1.53%,"1,303.40",51,18,Municipality,Palawan
Busuanga,"21,358",0.61%,392.9,56,14,Municipality,Palawan
Cagayancillo,"7,116",−2.34%,26.39,238,12,Municipality,Palawan
Coron,"42,941",3.64%,689.1,75,23,Municipality,Palawan
Culion,"19,543",0.57%,499.59,40,14,Municipality,Palawan
Cuyo,"21,847",0.44%,84.95,263,17,Municipality,Palawan
Dumaran,"21,397",1.99%,435,55,16,Municipality,Palawan
El Nido (Bacuit),"36,191",2.69%,923.26,45,18,Municipality,Palawan
Kalayaan,222,−3.51%,290,1,1,Municipality,Palawan
Linapacan,"14,180",1.92%,195.44,80,10,Municipality,Palawan
Magsaysay,"11,965",0.36%,49.48,246,11,Municipality,Palawan
Narra,"65,264",2.21%,831.73,88,23,Municipality,Palawan
Puerto Princesa,"222,673",2.62%,"2,381.02",107,66,HUC,Palawan
Quezon,"55,142",1.93%,943.19,65,14,Municipality,Palawan
Rizal (Marcos),"42,759",3.06%,"1,256.47",40,11,Municipality,Palawan
Roxas,"61,058",1.30%,"1,177.56",56,31,Municipality,Palawan
San Vicente,"30,919",0.19%,"1,462.94",21,10,Municipality,Palawan
Sofronio Española,"29,997",1.76%,473.91,69,9,Municipality,Palawan
Taytay,"70,837",1.14%,"1,257.68",60,31,Municipality,Palawan
Angeles,"326,336",4.52%,60.27,"6,830",33,HUC,Pampanga
Apalit,"101,537",1.18%,61.47,"1,756",12,Municipality,Pampanga
Arayat,"121,348",1.83%,134.48,993,30,Municipality,Pampanga
Bacolor,"31,508",4.38%,71.7,550,21,Municipality,Pampanga
Candaba,"102,399",1.65%,176.4,633,33,Municipality,Pampanga
Floridablanca,"110,846",2.34%,175.48,713,33,Municipality,Pampanga
Guagua,"111,199",1.04%,48.67,"2,413",31,Municipality,Pampanga
Lubao,"150,843",1.23%,155.77,"1,033",44,Municipality,Pampanga
Mabalacat,"215,610",2.92%,83.18,"3,015",27,CC,Pampanga
Macabebe,"70,777",1.33%,105.16,721,25,Municipality,Pampanga
Magalang,"103,597",1.69%,97.32,"1,163",27,Municipality,Pampanga
Masantol,"52,407",1.63%,48.25,"1,183",26,Municipality,Pampanga
Mexico,"146,851",0.99%,117.41,"1,317",43,Municipality,Pampanga
Minalin,"44,001",1.55%,48.27,988,15,Municipality,Pampanga
Porac,"111,441",2.11%,314,396,29,Municipality,Pampanga
San Fernando,"285,912",1.34%,67.74,"4,527",35,CC,Pampanga
San Luis,"49,311",1.78%,56.83,952,17,Municipality,Pampanga
San Simon,"48,353",1.83%,57.37,927,14,Municipality,Pampanga
Santa Ana,"52,001",1.14%,39.84,"1,385",14,Municipality,Pampanga
Santa Rita,"38,762",1.06%,29.76,"1,377",10,Municipality,Pampanga
Santo Tomas,"38,062",1.18%,21.3,"1,900",7,Municipality,Pampanga
Sasmuan (Sexmoan),"27,254",0.52%,91.8,305,12,Municipality,Pampanga
Agno,"27,508",0.37%,169.75,165,17,Municipality,Pangasinan
Aguilar,"39,529",0.91%,195.07,213,16,Municipality,Pangasinan
Alaminos,"85,025",1.03%,164.26,546,39,CC,Pangasinan
Alcala,"41,077",1.05%,45.71,950,21,Municipality,Pangasinan
Anda,"37,011",1.25%,74.55,530,18,Municipality,Pangasinan
Asingan,"56,353",0.34%,66.64,861,21,Municipality,Pangasinan
Balungao,"26,678",2.97%,73.25,425,20,Municipality,Pangasinan
Bani,"45,758",1.82%,179.65,280,27,Municipality,Pangasinan
Basista,"30,385",1.56%,24,"1,373",13,Municipality,Pangasinan
Bautista,"30,193",1.30%,46.33,697,18,Municipality,Pangasinan
Bayambang,"111,521",1.11%,143.94,821,77,Municipality,Pangasinan
Binalonan,"52,832",0.61%,47.57,"1,147",24,Municipality,Pangasinan
Binmaley,"78,702",1.03%,118.5,701,33,Municipality,Pangasinan
Bolinao,"74,545",1.85%,197.22,416,30,Municipality,Pangasinan
Bugallon,"64,253",0.90%,189.64,355,24,Municipality,Pangasinan
Burgos,"18,315",3.22%,131.32,165,14,Municipality,Pangasinan
Calasiao,"91,109",0.83%,48.36,"1,968",24,Municipality,Pangasinan
Dagupan,"163,676",0.87%,37.23,"4,600",31,ICC,Pangasinan
Dasol,"26,991",1.45%,166.6,175,18,Municipality,Pangasinan
Infanta,"23,455",0.90%,254.29,97,13,Municipality,Pangasinan
Labrador,"21,149",1.78%,90.99,255,10,Municipality,Pangasinan
Laoac,"29,456",1.28%,40.5,778,22,Municipality,Pangasinan
Lingayen,"98,740",0.86%,62.76,"1,646",32,CC,Pangasinan
Mabini,"24,011",0.59%,291.01,85,16,Municipality,Pangasinan
Malasiqui,"123,566",1.01%,131.37,992,73,Municipality,Pangasinan
Manaoag,"64,578",1.41%,55.95,"1,242",26,Municipality,Pangasinan
Mangaldan,"98,905",1.39%,48.47,"2,194",30,Municipality,Pangasinan
Mangatarem,"69,969",0.87%,317.5,231,82,Municipality,Pangasinan
Mapandan,"34,439",1.41%,30,"1,235",15,Municipality,Pangasinan
Natividad,"22,713",1.29%,134.36,181,18,Municipality,Pangasinan
Pozorrubio,"66,111",0.97%,134.6,517,34,Municipality,Pangasinan
Rosales,"59,687",1.06%,66.39,950,37,Municipality,Pangasinan
San Carlos,"175,103",1.42%,169.03,"1,116",86,CC,Pangasinan
San Fabian,"77,899",1.22%,81.28,"1,021",34,Municipality,Pangasinan
San Jacinto,"37,737",1.52%,44.18,925,19,Municipality,Pangasinan
San Manuel,"46,875",2.34%,129.18,410,14,Municipality,Pangasinan
San Nicolas,"34,108",0.80%,210.2,169,33,Municipality,Pangasinan
San Quintin,"32,626",0.19%,115.9,284,21,Municipality,Pangasinan
Santa Barbara,"76,637",1.30%,61.37,"1,336",29,Municipality,Pangasinan
Santa Maria,"31,091",1.16%,69.5,475,23,Municipality,Pangasinan
Santo Tomas,"14,406",0.80%,12.99,"1,156",10,Municipality,Pangasinan
Sison,"43,979",1.48%,81.88,580,28,Municipality,Pangasinan
Sual,"31,216",1.72%,130.16,262,19,Municipality,Pangasinan
Tayug,"40,018",1.44%,51.24,842,21,Municipality,Pangasinan
Umingan,"67,534",1.56%,258.43,283,58,Municipality,Pangasinan
Urbiztondo,"47,831",0.91%,81.8,613,21,Municipality,Pangasinan
Urdaneta,"125,451",1.11%,100.26,"1,326",34,CC,Pangasinan
Villasis,"59,111",1.02%,75.83,822,21,Municipality,Pangasinan
Agdangan,"11,567",2.02%,31.54,407,12,Municipality,Quezon
Alabat,"16,120",−0.59%,57.61,271,19,Municipality,Quezon
Atimonan,"61,587",0.56%,239.66,265,42,Municipality,Quezon
Buenavista,"29,053",0.64%,161.35,186,37,Municipality,Quezon
Burdeos,"24,166",1.96%,199.82,134,14,Municipality,Quezon
Calauag,"69,223",1.05%,324.71,225,81,Municipality,Quezon
Candelaria,"110,570",1.15%,129.1,910,25,Municipality,Quezon
Catanauan,"65,832",1.47%,253.07,281,46,Municipality,Quezon
Dolores,"27,702",0.80%,62.6,462,16,Municipality,Quezon
General Luna,"25,373",0.83%,101.02,262,27,Municipality,Quezon
General Nakar,"25,973",2.59%,"1,343.75",22,19,Municipality,Quezon
Guinayangan,"41,669",1.54%,214.12,211,54,Municipality,Quezon
Gumaca,"69,618",1.14%,189.65,390,59,Municipality,Quezon
Infanta,"64,818",1.22%,342.76,202,36,Municipality,Quezon
Jomalig,"6,884",1.43%,56.65,131,5,Municipality,Quezon
Lopez,"91,074",0.84%,355.38,268,95,Municipality,Quezon
Lucban,"46,698",1.87%,130.46,395,32,Municipality,Quezon
Lucena,"246,392",1.49%,80.21,"3,319",33,HUC,Quezon
Macalelon,"26,419",1.24%,124.05,227,30,Municipality,Quezon
Mauban,"61,141",0.82%,415.98,153,40,Municipality,Quezon
Mulanay,"50,826",0.85%,420,126,28,Municipality,Quezon
Padre Burgos,"20,161",2.08%,69.1,325,22,Municipality,Quezon
Pagbilao,"65,996",2.47%,170.96,439,27,Municipality,Quezon
Panukulan,"12,511",1.52%,226.61,60,12,Municipality,Quezon
Patnanungan,"13,865",1.00%,139.2,105,6,Municipality,Quezon
Perez,"12,039",0.21%,57.46,212,14,Municipality,Quezon
Pitogo,"21,380",1.42%,73.39,314,39,Municipality,Quezon
Plaridel,"10,238",1.26%,35.05,312,9,Municipality,Quezon
Polillo,"28,125",1.61%,253,121,20,Municipality,Quezon
Quezon,"15,142",0.11%,71.22,214,24,Municipality,Quezon
Real,"35,189",0.42%,563.89,64,17,Municipality,Quezon
Sampaloc,"13,107",1.13%,104.78,133,14,Municipality,Quezon
San Andres,"33,586",1.21%,60.99,587,7,Municipality,Quezon
San Antonio,"31,681",1.05%,172.93,194,20,Municipality,Quezon
San Francisco (Aurora),"57,979",1.12%,303.96,202,16,Municipality,Quezon
San Narciso,"45,386",1.26%,263.58,184,24,Municipality,Quezon
Sariaya,"138,894",1.34%,212.16,702,43,Municipality,Quezon
Tagkawayan,"50,833",0.37%,534.35,97,45,Municipality,Quezon
Tayabas,"91,428",1.68%,230.95,432,66,CC,Quezon
Tiaong,"91,599",1.63%,168.38,592,31,Municipality,Quezon
Unisan,"25,186",1.25%,124.15,217,36,Municipality,Quezon
Aglipay,"26,187",1.14%,161.7,172,25,Municipality,Quirino
Cabarroguis,"29,395",0.76%,260.2,118,17,Municipality,Quirino
Diffun,"48,501",1.55%,320.1,164,33,Municipality,Quirino
Maddela,"35,634",1.48%,918.57,42,32,Municipality,Quirino
Nagtipunan,"22,473",0.84%,607.4,39,16,Municipality,Quirino
Saguday,"14,596",1.85%,55.5,290,9,Municipality,Quirino
Angono,"102,407",1.94%,26.22,"4,320",10,Municipality,Rizal
Antipolo,"677,741",2.62%,306.1,"2,536",16,CC,Rizal
Baras,"32,609",15.43%,84.93,816,10,Municipality,Rizal
Binangonan,"249,872",2.36%,66.34,"4,258",40,Municipality,Rizal
Cainta,"311,845",0.62%,42.99,"7,493",7,Municipality,Rizal
Cardona,"47,414",0.64%,28.56,"1,717",18,Municipality,Rizal
Jalajala,"30,074",1.34%,44.12,731,11,Municipality,Rizal
Morong,"52,194",2.07%,37.58,"1,547",8,Municipality,Rizal
Pililla,"59,527",1.63%,69.95,927,9,Municipality,Rizal
Rodriguez (Montalban),"280,904",5.34%,172.65,"2,139",11,Municipality,Rizal
San Mateo,"205,255",4.03%,55.09,"4,584",15,Municipality,Rizal
Tanay,"98,879",3.40%,200,589,19,Municipality,Rizal
Taytay,"288,956",1.91%,38.8,"8,224",5,Municipality,Rizal
Teresa,"47,163",3.93%,18.61,"3,103",9,Municipality,Rizal
Alcantara,"15,428",1.11%,60.12,272,12,Municipality,Romblon
Banton (Jones),"5,963",−1.40%,32.48,170,17,Municipality,Romblon
Cajidiocan,"21,198",0.59%,201.85,108,14,Municipality,Romblon
Calatrava,"9,776",0.95%,86.7,119,7,Municipality,Romblon
Concepcion,"4,445",−1.82%,19.82,204,9,Municipality,Romblon
Corcuera,"9,935",0.66%,28.53,360,15,Municipality,Romblon
Ferrol,"6,802",0.45%,26.72,261,6,Municipality,Romblon
Looc,"21,841",0.36%,132.82,168,12,Municipality,Romblon
Magdiwang,"13,584",0.77%,100.75,140,9,Municipality,Romblon
Odiongan,"43,676",0.73%,185.67,244,25,Municipality,Romblon
Romblon,"37,995",0.38%,86.87,446,31,Municipality,Romblon
San Agustin,"22,116",0.41%,140.48,161,15,Municipality,Romblon
San Andres,"15,028",0.70%,112,139,13,Municipality,Romblon
San Fernando,"22,466",0.67%,196.87,118,12,Municipality,Romblon
San Jose,"10,294",1.06%,22.05,493,5,Municipality,Romblon
Santa Fe,"15,700",0.48%,63.52,253,11,Municipality,Romblon
Santa Maria (Imelda),"7,683",1.96%,36.2,235,6,Municipality,Romblon
Almagro,"11,024",−3.91%,51.36,174,23,Municipality,Samar
Basey,"50,423",1.84%,513.01,108,51,Municipality,Samar
Calbayog,"172,778",1.19%,880.74,209,157,CC,Samar
Calbiga,"21,434",1.34%,283.7,81,41,Municipality,Samar
Catbalogan,"94,317",1.86%,274.22,379,57,CC,Samar
Daram,"41,322",0.71%,140.26,306,58,Municipality,Samar
Gandara,"31,943",1.44%,573.49,60,69,Municipality,Samar
Hinabangan,"12,651",1.49%,460.08,30,21,Municipality,Samar
Jiabong,"17,075",1.37%,67.7,271,35,Municipality,Samar
Marabut,"15,115",2.22%,143.55,118,24,Municipality,Samar
Matuguinao,"6,746",1.48%,172.51,42,20,Municipality,Samar
Motiong,"14,829",0.42%,174.4,87,29,Municipality,Samar
Pagsanghan,"8,024",−0.19%,30,265,13,Municipality,Samar
Paranas (Wright),"29,327",0.79%,556.12,55,44,Municipality,Samar
Pinabacdao,"16,208",2.29%,183.06,100,24,Municipality,Samar
San Jorge,"16,340",0.96%,241.2,71,41,Municipality,Samar
San Jose de Buan,"6,563",3.26%,366.9,21,14,Municipality,Samar
San Sebastian,"7,708",0.85%,39.07,206,14,Municipality,Samar
Santa Margarita,"24,850",1.12%,129.12,204,36,Municipality,Samar
Santa Rita,"38,082",1.69%,411.77,101,38,Municipality,Samar
Santo Niño,"13,504",−0.92%,29.53,436,13,Municipality,Samar
Tagapul-an,"7,828",1.52%,28.7,295,14,Municipality,Samar
Talalora,"7,983",0.18%,27.96,288,11,Municipality,Samar
Tarangnan,"24,146",0.66%,132.49,189,41,Municipality,Samar
Villareal,"26,221",1.42%,98.54,286,38,Municipality,Samar
Zumarraga,"16,936",−0.73%,38.55,423,25,Municipality,Samar
Alabel,"75,477",1.20%,510.98,157,13,Municipality,Sarangani
Glan,"106,518",2.01%,610.3,194,31,Municipality,Sarangani
Kiamba,"54,871",2.06%,328.68,186,19,Municipality,Sarangani
Maasim,"52,933",2.24%,500.43,119,16,Municipality,Sarangani
Maitum,"41,675",1.30%,290.66,153,19,Municipality,Sarangani
Malapatan,"72,386",1.16%,609.28,126,12,Municipality,Sarangani
Malungon,"95,044",1.66%,750.92,138,31,Municipality,Sarangani
Enrique Villanueva,"5,972",0.42%,28.6,213,14,Municipality,Siquijor
Larena,"12,931",1.31%,49.81,278,23,Municipality,Siquijor
Lazi,"20,024",0.44%,70.64,290,18,Municipality,Siquijor
Maria,"13,383",0.62%,53.37,259,22,Municipality,Siquijor
San Juan,"13,525",1.80%,44.37,335,15,Municipality,Siquijor
Siquijor,"25,231",1.20%,90.7,296,42,Municipality,Siquijor
Barcelona,"20,340",0.60%,61.18,343,25,Municipality,Sorsogon
Bulan,"93,943",1.21%,196.96,508,63,Municipality,Sorsogon
Bulusan,"22,089",0.68%,96.3,238,24,Municipality,Sorsogon
Casiguran,"30,995",1.11%,87.13,377,25,Municipality,Sorsogon
Castilla,"52,903",1.71%,186.2,311,34,Municipality,Sorsogon
Donsol,"47,563",0.84%,156.2,318,51,Municipality,Sorsogon
Gubat,"57,327",0.72%,134.51,443,42,Municipality,Sorsogon
Irosin,"51,777",1.73%,149.87,378,28,Municipality,Sorsogon
Juban,"30,335",1.21%,121.49,266,25,Municipality,Sorsogon
Magallanes,"35,443",0.84%,150.09,247,34,Municipality,Sorsogon
Matnog,"37,641",1.69%,162.4,253,40,Municipality,Sorsogon
Pilar,"68,245",1.70%,248,301,49,Municipality,Sorsogon
Prieto Diaz,"20,478",1.76%,49.07,457,23,Municipality,Sorsogon
Santa Magdalena,"16,520",0.38%,43.5,387,14,Municipality,Sorsogon
Sorsogon City,"155,144",1.54%,276.11,609,64,CC,Sorsogon
Banga,"76,343",1.83%,240.35,349,22,Municipality,South Cotabato
General Santos (Dadiangas),"538,086",1.91%,492.86,"1,206",26,HUC,South Cotabato
Koronadal,"158,273",1.92%,277,632,27,CC,South Cotabato
Lake Sebu,"76,170",2.66%,702,125,19,Municipality,South Cotabato
Norala,"44,635",0.84%,123.2,379,14,Municipality,South Cotabato
Polomolok,"138,273",1.89%,339.97,449,23,Municipality,South Cotabato
Santo Niño,"39,738",0.57%,86.2,475,10,Municipality,South Cotabato
Surallah,"76,035",2.04%,540.3,156,17,Municipality,South Cotabato
T'Boli,"79,175",2.78%,895.83,102,25,Municipality,South Cotabato
Tampakan,"36,254",1.66%,390,101,14,Municipality,South Cotabato
Tantangan,"40,461",1.28%,113.1,382,13,Municipality,South Cotabato
Tupi,"61,843",2.38%,228,307,15,Municipality,South Cotabato
Anahawan,"7,942",0.64%,58.09,141,14,Municipality,Southern Leyte
Bontoc,"28,079",0.55%,102.1,283,40,Municipality,Southern Leyte
Hinunangan,"28,415",1.02%,170.58,176,40,Municipality,Southern Leyte
Hinundayan,"11,890",0.62%,59.9,205,17,Municipality,Southern Leyte
Libagon,"14,352",1.06%,98.62,154,14,Municipality,Southern Leyte
Liloan,"22,817",0.95%,50.3,477,24,Municipality,Southern Leyte
Limasawa,"5,835",0.73%,6.98,868,6,Municipality,Southern Leyte
Maasin,"81,250",0.99%,211.71,404,70,CC,Southern Leyte
Macrohon,"25,386",0.63%,126.39,208,30,Municipality,Southern Leyte
Malitbog,"22,009",0.78%,74.97,306,37,Municipality,Southern Leyte
Padre Burgos,"10,525",1.00%,25.65,432,11,Municipality,Southern Leyte
Pintuyan,"9,261",1.13%,36.98,266,23,Municipality,Southern Leyte
Saint Bernard,"25,169",2.32%,100.2,283,30,Municipality,Southern Leyte
San Francisco,"12,528",1.29%,68.6,195,22,Municipality,Southern Leyte
San Juan (Cabalian),"14,073",1.04%,96.12,155,18,Municipality,Southern Leyte
San Ricardo,"10,078",0.77%,47.56,221,15,Municipality,Southern Leyte
Silago,"12,310",0.71%,215.05,59,15,Municipality,Southern Leyte
Sogod,"41,411",1.59%,192.7,233,45,Municipality,Southern Leyte
Tomas Oppus,"15,807",0.95%,56.11,296,29,Municipality,Southern Leyte
Bagumbayan,"63,700",0.98%,672.06,100,19,Municipality,Sultan Kudarat
Columbio,"27,440",3.73%,926.15,36,16,Municipality,Sultan Kudarat
Esperanza,"63,207",0.85%,324.29,204,19,Municipality,Sultan Kudarat
Isulan,"86,602",0.88%,541.25,168,17,Municipality,Sultan Kudarat
Kalamansig,"46,408",1.06%,699.2,70,15,Municipality,Sultan Kudarat
Lambayong (Mariano Marcos),"65,557",3.11%,226.88,339,26,Municipality,Sultan Kudarat
Lebak,"83,280",1.24%,470.86,189,27,Municipality,Sultan Kudarat
Lutayan,"56,179",2.21%,271,233,11,Municipality,Sultan Kudarat
Palimbang,"83,265",1.58%,484.85,186,40,Municipality,Sultan Kudarat
President Quirino,"38,753",1.27%,208.4,199,19,Municipality,Sultan Kudarat
Senator Ninoy Aquino,"43,508",1.43%,320,147,20,Municipality,Sultan Kudarat
Tacurong,"89,188",1.87%,153.4,641,20,CC,Sultan Kudarat
Banguingui (Tongkil),"17,802",5.99%,352.59,69,14,Municipality,Sulu
Hadji Panglima Tahil (Marunggas),"5,850",1.65%,67.9,94,5,Municipality,Sulu
Indanan,"65,858",3.99%,170.72,474,34,Municipality,Sulu
Jolo,"118,307",1.14%,126.4,993,8,Municipality,Sulu
Kalingalan Caluang,"26,848",3.13%,166.5,190,9,Municipality,Sulu
Lugus,"19,839",1.90%,133.04,165,17,Municipality,Sulu
Luuk,"29,897",1.40%,313.04,103,12,Municipality,Sulu
Maimbung,"28,445",5.62%,77.5,489,27,Municipality,Sulu
Old Panamao,"37,933",1.49%,107.57,381,31,Municipality,Sulu
Omar,"18,098",6.44%,84.45,297,8,Municipality,Sulu
Pandami,"22,474",2.73%,170.89,151,16,Municipality,Sulu
Panglima Estino (New Panamao),"27,724",0.74%,125.1,230,12,Municipality,Sulu
Pangutaran,"28,461",1.40%,258.1,119,16,Municipality,Sulu
Parang,"58,028",1.32%,258,241,40,Municipality,Sulu
Pata,"14,918",7.83%,116.99,189,14,Municipality,Sulu
Patikul,"42,036",7.77%,330.04,189,30,Municipality,Sulu
Siasi,"64,229",1.01%,192.87,351,50,Municipality,Sulu
Talipao,"75,173",1.25%,380.57,211,52,Municipality,Sulu
Tapul,"16,370",2.04%,89.17,204,15,Municipality,Sulu
Alegria,"14,539",1.85%,65.28,245,12,Municipality,Surigao del Norte
Bacuag,"13,211",1.77%,95.85,151,9,Municipality,Surigao del Norte
Burgos,"4,058",−0.11%,19.27,209,6,Municipality,Surigao del Norte
Claver,"23,702",6.36%,322.6,102,14,Municipality,Surigao del Norte
Dapa,"23,492",0.24%,91.9,259,29,Municipality,Surigao del Norte
Del Carmen,"17,136",1.36%,151.68,121,20,Municipality,Surigao del Norte
General Luna,"15,014",2.13%,41.3,406,19,Municipality,Surigao del Norte
Gigaquit,"18,784",2.02%,138.11,151,13,Municipality,Surigao del Norte
Mainit,"25,596",0.84%,107.76,248,21,Municipality,Surigao del Norte
Malimono,"18,316",−0.27%,80.13,225,14,Municipality,Surigao del Norte
Pilar,"9,456",0.59%,77.11,126,15,Municipality,Surigao del Norte
Placer,"24,600",1.86%,61.29,442,20,Municipality,Surigao del Norte
San Benito,"5,505",−0.35%,45.63,118,6,Municipality,Surigao del Norte
San Francisco (Anao-Aon),"13,335",1.68%,56.72,257,11,Municipality,Surigao del Norte
San Isidro,"6,973",0.94%,42.03,174,12,Municipality,Surigao del Norte
Santa Monica (Sapao),"8,715",0.20%,39.19,225,11,Municipality,Surigao del Norte
Sison,"11,377",2.80%,54.7,240,12,Municipality,Surigao del Norte
Socorro,"20,304",1.81%,114.45,195,14,Municipality,Surigao del Norte
Surigao City,"140,540",1.77%,245.3,628,54,CC,Surigao del Norte
Tagana-an,"15,366",1.28%,77.29,213,14,Municipality,Surigao del Norte
Tubod,"12,569",2.36%,45.34,313,9,Municipality,Surigao del Norte
Barobo,"43,663",2.51%,242.5,205,21,Municipality,Surigao del Sur
Bayabas,"7,779",0.92%,117.84,69,7,Municipality,Surigao del Sur
Bislig,"96,578",−0.41%,331.8,285,24,CC,Surigao del Sur
Cagwait,"18,899",1.45%,214.1,95,11,Municipality,Surigao del Sur
Cantilan,"30,231",0.78%,240.1,131,17,Municipality,Surigao del Sur
Carmen,"10,287",0.11%,160.01,65,8,Municipality,Surigao del Sur
Carrascal,"16,529",6.03%,265.8,85,14,Municipality,Surigao del Sur
Cortes,"15,541",0.45%,127.08,125,12,Municipality,Surigao del Sur
Hinatuan,"38,731",0.54%,299.1,133,24,Municipality,Surigao del Sur
Lanuza,"11,857",0.23%,290.6,41,13,Municipality,Surigao del Sur
Lianga,"28,905",0.38%,161.12,183,13,Municipality,Surigao del Sur
Lingig,"31,544",−0.04%,305.17,103,18,Municipality,Surigao del Sur
Madrid,"14,888",0.42%,141.2,108,14,Municipality,Surigao del Sur
Marihatag,"17,926",0.62%,312.5,59,12,Municipality,Surigao del Sur
San Agustin,"20,655",1.88%,277.28,82,13,Municipality,Surigao del Sur
San Miguel,"36,287",1.55%,558,71,18,Municipality,Surigao del Sur
Tagbina,"34,812",2.10%,343.49,113,25,Municipality,Surigao del Sur
Tago,"33,993",0.74%,253.28,139,24,Municipality,Surigao del Sur
Tandag,"52,114",1.50%,291.73,193,21,CC,Surigao del Sur
Anao,"10,873",1.12%,23.87,483,18,Municipality,Tarlac
Bamban,"62,413",2.06%,251.98,276,15,Municipality,Tarlac
Camiling,"80,241",0.70%,140.53,592,61,Municipality,Tarlac
Capas,"125,852",2.08%,376.39,372,20,Municipality,Tarlac
Concepcion,"139,832",1.88%,242.99,635,45,Municipality,Tarlac
Gerona,"83,084",1.00%,128.89,679,44,Municipality,Tarlac
La Paz,"60,982",0.93%,114.33,560,21,Municipality,Tarlac
Mayantoc,"29,987",1.38%,311.42,104,24,Municipality,Tarlac
Moncada,"56,183",0.54%,85.75,674,37,Municipality,Tarlac
Paniqui,"87,730",1.04%,105.16,881,35,Municipality,Tarlac
Pura,"22,949",0.62%,31.01,765,16,Municipality,Tarlac
Ramos,"20,249",1.01%,24.4,875,9,Municipality,Tarlac
San Clemente,"12,510",0.22%,49.73,255,12,Municipality,Tarlac
San Jose,"33,960",1.25%,592.81,61,13,Municipality,Tarlac
San Manuel,"24,289",0.93%,42.1,606,15,Municipality,Tarlac
Santa Ignacia,"43,787",1.58%,146.07,325,24,Municipality,Tarlac
Tarlac City,"318,332",1.40%,274.66,"1,247",76,CC,Tarlac
Victoria,"59,987",1.15%,111.51,571,26,Municipality,Tarlac
Bongao,"79,362",4.60%,365.95,275,35,Municipality,Tawi-Tawi
Languyan,"42,690",−4.51%,581.2,58,20,Municipality,Tawi-Tawi
Mapun (Cagayan de Tawi-Tawi),"24,168",1.84%,181.29,147,15,Municipality,Tawi-Tawi
Panglima Sugala (Balimbing),"38,704",2.55%,416.66,106,17,Municipality,Tawi-Tawi
Sapa-Sapa,"28,781",1.37%,235.61,131,23,Municipality,Tawi-Tawi
Sibutu,"28,532",1.21%,—,—,16,Municipality,Tawi-Tawi
Simunul,"34,538",−1.90%,167.25,187,15,Municipality,Tawi-Tawi
Sitangkai,"30,514",1.70%,792,42,9,Municipality,Tawi-Tawi
South Ubian,"27,741",−1.27%,272.04,95,31,Municipality,Tawi-Tawi
Tandubas,"27,748",1.10%,552.05,53,20,Municipality,Tawi-Tawi
Turtle Islands (Taganak),"3,772",4.39%,62.5,76,2,Municipality,Tawi-Tawi
Botolan,"54,434",1.12%,735.28,78,31,Municipality,Zambales
Cabangan,"23,082",1.66%,175.29,144,22,Municipality,Zambales
Candelaria,"25,020",1.58%,333.59,81,16,Municipality,Zambales
Castillejos,"48,845",5.54%,92.99,697,14,Municipality,Zambales
Iba,"46,761",1.48%,153.38,329,14,Municipality,Zambales
Masinloc,"44,342",1.41%,331.5,144,13,Municipality,Zambales
Olongapo,"221,178",1.00%,185,"1,260",17,HUC,Zambales
Palauig,"33,286",0.93%,310,113,19,Municipality,Zambales
San Antonio,"34,217",0.25%,188.12,184,14,Municipality,Zambales
San Felipe,"22,020",0.98%,111.6,208,11,Municipality,Zambales
San Marcelino,"31,879",1.04%,416.86,81,18,Municipality,Zambales
San Narciso,"26,966",0.96%,71.6,396,17,Municipality,Zambales
Santa Cruz,"53,867",1.47%,438.46,133,25,Municipality,Zambales
Subic,"89,724",3.00%,287.16,365,16,Municipality,Zambales
Baliguian,"21,190",1.22%,439.26,51,17,Municipality,Zamboanga del Norte
Dapitan,"77,441",1.19%,390.53,211,50,CC,Zamboanga del Norte
Dipolog,"120,460",1.57%,241.13,542,21,CC,Zamboanga del Norte
Godod,"17,788",−0.39%,190,92,17,Municipality,Zamboanga del Norte
Gutalac,"32,153",1.44%,492.86,70,33,Municipality,Zamboanga del Norte
Jose Dalman (Ponot),"27,033",0.25%,135,203,18,Municipality,Zamboanga del Norte
Kalawit,"22,157",1.24%,217.89,108,14,Municipality,Zamboanga del Norte
Katipunan,"43,339",0.96%,244.12,187,30,Municipality,Zamboanga del Norte
La Libertad,"7,771",1.51%,69.51,121,13,Municipality,Zamboanga del Norte
Labason,"40,375",0.46%,169.58,244,20,Municipality,Zamboanga del Norte
Leon B. Postigo (Bacungan),"24,643",1.19%,255.5,103,18,Municipality,Zamboanga del Norte
Liloy,"39,015",0.39%,128.43,310,37,Municipality,Zamboanga del Norte
Manukan,"35,589",0.50%,246.35,148,22,Municipality,Zamboanga del Norte
Mutia,"11,975",1.09%,73.58,172,16,Municipality,Zamboanga del Norte
Piñan (New Piñan),"20,088",0.07%,93.75,215,22,Municipality,Zamboanga del Norte
Polanco,"37,472",0.93%,206.88,190,30,Municipality,Zamboanga del Norte
President Manuel A. Roxas,"37,611",0.85%,206.25,191,31,Municipality,Zamboanga del Norte
Rizal,"14,111",−0.12%,80.03,175,22,Municipality,Zamboanga del Norte
Salug,"31,157",0.63%,206.6,156,23,Municipality,Zamboanga del Norte
Sergio Osmeña Sr.,"29,453",0.49%,556.44,54,39,Municipality,Zamboanga del Norte
Siayan,"34,989",−0.01%,494.75,71,22,Municipality,Zamboanga del Norte
Sibuco,"31,982",1.52%,782.54,44,28,Municipality,Zamboanga del Norte
Sibutad,"16,783",0.96%,65.57,269,16,Municipality,Zamboanga del Norte
Sindangan,"94,146",1.05%,451,220,52,Municipality,Zamboanga del Norte
Siocon,"41,637",2.30%,503.2,93,26,Municipality,Zamboanga del Norte
Sirawai,"24,583",3.06%,222.5,129,34,Municipality,Zamboanga del Norte
Tampilisan,"23,056",1.01%,137.75,176,20,Municipality,Zamboanga del Norte
Aurora,"48,434",0.90%,180.95,280,44,Municipality,Zamboanga del Sur
Bayog,"30,048",2.14%,356.4,94,28,Municipality,Zamboanga del Sur
Dimataling,"27,715",1.57%,141.8,212,24,Municipality,Zamboanga del Sur
Dinas,"34,768",0.40%,121.1,293,30,Municipality,Zamboanga del Sur
Dumalinao,"30,691",0.81%,117.64,272,30,Municipality,Zamboanga del Sur
Dumingag,"46,500",0.40%,297.75,159,44,Municipality,Zamboanga del Sur
Guipos,"19,771",0.91%,90.53,229,17,Municipality,Zamboanga del Sur
Josefina,"10,826",1.65%,56.35,209,14,Municipality,Zamboanga del Sur
Kumalarang,"28,210",0.17%,151.49,188,18,Municipality,Zamboanga del Sur
Labangan,"39,168",1.24%,157.9,265,25,Municipality,Zamboanga del Sur
Lakewood,"19,645",0.70%,201.3,101,14,Municipality,Zamboanga del Sur
Lapuyan,"26,175",0.78%,329,83,26,Municipality,Zamboanga del Sur
Mahayag,"45,015",0.63%,194.9,239,29,Municipality,Zamboanga del Sur
Margosatubig,"35,596",1.19%,111.69,339,17,Municipality,Zamboanga del Sur
Midsalip,"31,467",0.37%,161.56,199,33,Municipality,Zamboanga del Sur
Molave,"48,939",1.16%,251.5,207,25,Municipality,Zamboanga del Sur
Pagadian,"186,852",1.21%,378.8,526,54,CC,Zamboanga del Sur
Pitogo,"25,502",1.13%,95.94,282,15,Municipality,Zamboanga del Sur
Ramon Magsaysay (Liargo),"26,194",0.30%,113.7,234,27,Municipality,Zamboanga del Sur
San Miguel,"18,258",0.97%,181.59,106,18,Municipality,Zamboanga del Sur
San Pablo,"26,500",−0.28%,149.9,174,28,Municipality,Zamboanga del Sur
Sominot (Don Mariano Marcos),"16,652",2.06%,111.52,166,18,Municipality,Zamboanga del Sur
Tabina,"24,110",0.74%,86.9,288,15,Municipality,Zamboanga del Sur
Tambulig,"34,883",0.69%,130.65,277,31,Municipality,Zamboanga del Sur
Tigbao,"19,300",1.60%,120.69,174,18,Municipality,Zamboanga del Sur
Tukuran,"37,883",0.95%,144.91,275,25,Municipality,Zamboanga del Sur
Vincenzo A. Sagun,"20,583",2.77%,63,377,14,Municipality,Zamboanga del Sur
Zamboanga City,"807,129",1.26%,"1,483.38[12]",581,98,HUC,Zamboanga del Sur
Alicia,"34,895",0.60%,183.08,197,27,Municipality,Zamboanga Sibugay
Buug,"35,969",0.35%,134.06,273,27,Municipality,Zamboanga Sibugay
Diplahan,"31,215",0.73%,255.51,127,22,Municipality,Zamboanga Sibugay
Imelda,"27,903",0.08%,85.12,329,18,Municipality,Zamboanga Sibugay
Ipil,"64,939",2.69%,241.6,309,28,Municipality,Zamboanga Sibugay
Kabasalan,"41,421",1.30%,289.2,153,29,Municipality,Zamboanga Sibugay
Mabuhay,"33,093",2.08%,82.85,445,18,Municipality,Zamboanga Sibugay
Malangas,"31,243",1.27%,235.53,142,25,Municipality,Zamboanga Sibugay
Naga,"37,814",0.37%,246.3,157,23,Municipality,Zamboanga Sibugay
Olutanga,"28,717",3.08%,113.3,297,19,Municipality,Zamboanga Sibugay
Payao,"29,755",1.20%,245.66,129,29,Municipality,Zamboanga Sibugay
Roseller Lim,"37,216",3.08%,300,145,26,Municipality,Zamboanga Sibugay
Siay,"38,229",1.61%,313.66,133,29,Municipality,Zamboanga Sibugay
Talusan,"25,268",3.30%,58.16,515,14,Municipality,Zamboanga Sibugay
Titay,"46,456",1.28%,350.44,142,30,Municipality,Zamboanga Sibugay
Tungawan,"40,552",0.68%,473.28,89,25,Municipality,Zamboanga Sibugay